TGF_ID,UTC_Date,UTC_Time,fermi_lat,fermi_lon
TGF081001392, 2008-10-01, 09:24:44.9137,10.5345,162.672
TGF081113322, 2008-11-13, 07:44:04.23680,2.9078,7.325
TGF081123874, 2008-11-23, 20:58:42.32120,-16.039,129.8764
TGF090808739b, 2009-08-08, 17:44:49.52857,2.644,303.3364
TGF090828147, 2009-08-28, 03:31:50.20695,22.7884,252.8422
TGF091130219, 2009-11-30, 05:15:32.96507,-12.0941,132.5956
TGF091213876, 2009-12-13, 21:01:50.47540,-15.8434,140.6039
TGF091227540, 2009-12-27, 12:58:12.30653,-4.6222,182.4693
TGF100110328, 2010-01-10, 07:52:32.49610,-13.1605,133.1257
TGF100129593, 2010-01-29, 14:14:28.53635,5.1327,86.8582
TGF100207843, 2010-02-07, 20:14:26.24650,-4.0413,107.6106
TGF100218518, 2010-02-18, 12:25:39.13185,-5.5739,139.1237
TGF100223288, 2010-02-23, 06:54:24.60842,-14.1703,165.254
TGF100304844, 2010-03-04, 20:15:59.47858,5.9588,295.1595
TGF100304845, 2010-03-04, 20:16:22.84318,6.5793,296.398
TGF100305806, 2010-03-05, 19:21:14.37670,-7.1872,124.0833
TGF100331421, 2010-03-31, 10:05:34.39985,-19.1857,183.2594
TGF100409543, 2010-04-09, 13:01:42.36578,8.0552,278.0161
TGF100501559, 2010-05-01, 13:24:25.37008,0.4018,118.6324
TGF100513287, 2010-05-13, 06:53:33.23543,15.5731,90.9499
TGF100606292b, 2010-06-06, 07:01:03.17825,7.2148,283.6996
TGF100616900, 2010-06-16, 21:35:56.40180,8.7362,339.7588
TGF100620481, 2010-06-20, 11:33:02.47687,6.3469,108.0711
TGF100713095, 2010-07-13, 02:16:43.38054,-5.2022,96.4265
TGF100713481, 2010-07-13, 11:32:22.67196,20.1295,253.8701
TGF100724221, 2010-07-24, 05:18:38.04952,20.587,262.7679
TGF100727854, 2010-07-27, 20:29:47.15255,19.6298,285.8207
TGF100728940, 2010-07-28, 22:32:59.86935,-2.3317,23.796
TGF100801756, 2010-08-01, 18:08:33.19441,11.3982,260.3076
TGF100802897, 2010-08-02, 21:31:37.28904,25.1124,279.8875
TGF100803822, 2010-08-03, 19:43:53.74235,25.7025,281.5153
TGF100805032, 2010-08-05, 00:45:26.80229,3.0002,284.8918
TGF100807804, 2010-08-07, 19:17:15.81356,24.8313,278.2472
TGF100811503, 2010-08-11, 12:04:55.64810,14.1311,282.7855
TGF100812853, 2010-08-12, 20:27:37.75695,8.8071,276.4578
TGF100816696, 2010-08-16, 16:41:57.39504,13.3431,292.41
TGF100817338b, 2010-08-17, 08:06:41.48873,14.3475,297.8896
TGF100818615, 2010-08-18, 14:45:29.56527,19.8407,287.6123
TGF100823380, 2010-08-23, 09:06:58.70485,25.3408,284.2762
TGF100823447, 2010-08-23, 10:44:20.86990,25.6504,267.3449
TGF100826152, 2010-08-26, 03:39:14.50400,6.3359,277.8073
TGF100828213, 2010-08-28, 05:06:27.39021,17.3036,267.1322
TGF100828281, 2010-08-28, 06:44:58.82705,20.7489,253.6133
TGF100829001a, 2010-08-29, 00:01:09.86569,0.8907,298.7519
TGF100829001b, 2010-08-29, 00:01:20.52850,1.1805,299.3108
TGF100829420, 2010-08-29, 10:05:12.57977,22.0226,265.2246
TGF100903334, 2010-09-03, 08:00:16.65829,9.2358,296.0249
TGF100905109, 2010-09-05, 02:37:08.07046,25.1907,281.1131
TGF100909539, 2010-09-09, 12:56:25.15915,6.153,26.6987
TGF100911473, 2010-09-11, 11:20:39.17535,24.4932,93.9171
TGF100912859, 2010-09-12, 20:37:13.97581,16.7501,271.5629
TGF100912860, 2010-09-12, 20:37:47.11740,17.4448,273.4751
TGF100912943, 2010-09-12, 22:38:01.04602,17.2555,341.8617
TGF100916059, 2010-09-16, 01:25:33.24985,16.7735,277.367
TGF100920971, 2010-09-20, 23:18:14.81200,5.2556,298.9947
TGF100923883, 2010-09-23, 21:11:00.54157,16.9894,280.0572
TGF100925319, 2010-09-25, 07:39:34.31820,7.5054,346.9394
TGF100927333, 2010-09-27, 07:59:49.52919,10.9898,106.7809
TGF100929431, 2010-09-29, 10:20:44.02960,10.5031,281.6784
TGF101003735, 2010-10-03, 17:38:14.53260,-2.4652,111.3638
TGF101007324, 2010-10-07, 07:46:25.71857,17.0486,276.2615
TGF101008251, 2010-10-08, 06:01:49.88089,15.5178,290.9147
TGF101009134, 2010-10-09, 03:13:32.04832,11.246,86.5513
TGF101009389, 2010-10-09, 09:19:52.02178,25.6097,292.5771
TGF101012231, 2010-10-12, 05:32:31.84679,18.6392,276.7888
TGF101012443, 2010-10-12, 10:38:15.73904,21.9986,277.0131
TGF101013157, 2010-10-13, 03:45:43.74115,14.3142,283.8419
TGF101018065, 2010-10-18, 01:33:02.13122,17.619,288.3677
TGF101019129, 2010-10-19, 03:05:48.12130,22.9309,277.3038
TGF101021973, 2010-10-21, 23:20:30.99739,10.3471,272.1794
TGF101022830b, 2010-10-22, 19:55:44.89319,0.9791,296.4166
TGF101026710, 2010-10-26, 17:02:43.56850,-4.4083,136.8202
TGF101118249, 2010-11-18, 05:58:56.79781,0.9599,117.3707
TGF101123225, 2010-11-23, 05:23:55.84761,-6.9565,104.3661
TGF101124661, 2010-11-24, 15:51:28.23950,24.4946,172.5865
TGF101129417, 2010-11-29, 10:01:04.72519,-7.9414,135.7731
TGF101210864, 2010-12-10, 20:44:50.51309,-16.3524,120.7657
TGF101217050, 2010-12-17, 01:12:03.10268,-12.8726,119.9609
TGF101219539, 2010-12-19, 12:56:06.37015,6.7425,118.8477
TGF101224783, 2010-12-24, 18:47:50.10067,-9.1469,24.126
TGF110106532, 2011-01-06, 12:46:15.17530,-19.4553,129.4221
TGF110106533, 2011-01-06, 12:47:32.44164,-17.9575,133.9544
TGF110107246, 2011-01-07, 05:54:54.49020,-19.1929,139.9428
TGF110112416, 2011-01-12, 09:58:24.98873,-15.5421,28.2079
TGF110113361, 2011-01-13, 08:40:17.77873,-18.3202,141.9486
TGF110117247, 2011-01-17, 05:55:59.47655,2.3115,11.5439
TGF110125162, 2011-01-25, 03:52:43.25758,-19.0132,120.2725
TGF110127067, 2011-01-27, 01:36:17.68887,-15.3368,40.1521
TGF110205809, 2011-02-05, 19:25:08.61535,-8.7024,41.3192
TGF110215690a, 2011-02-15, 16:32:55.03864,-13.7878,19.9565
TGF110216045, 2011-02-16, 01:04:47.61193,-6.9474,23.8696
TGF110217556, 2011-02-17, 13:20:11.64940,-25.6594,109.8367
TGF110218205, 2011-02-18, 04:54:35.46567,-4.6414,154.108
TGF110219269, 2011-02-19, 06:27:44.32842,-13.4005,142.5397
TGF110219407, 2011-02-19, 09:45:30.53460,-21.602,117.7079
TGF110222610, 2011-02-22, 14:37:48.97243,-3.7961,136.632
TGF110225380a, 2011-02-25, 09:06:31.86616,-25.7173,118.9893
TGF110227440, 2011-02-27, 10:33:42.78745,-21.6289,113.0146
TGF110228636, 2011-02-28, 15:15:29.44019,-17.9466,46.4497
TGF110302625, 2011-03-02, 15:00:15.03262,-16.915,38.01
TGF110304547, 2011-03-04, 13:07:56.83774,-17.8587,48.4392
TGF110311230, 2011-03-11, 05:31:16.70919,-23.3153,36.2016
TGF110314565, 2011-03-14, 13:33:00.28668,-2.9294,0.6131
TGF110315069, 2011-03-15, 01:39:57.71141,-14.2926,32.9871
TGF110316419, 2011-03-16, 10:03:08.95461,-7.4307,29.1326
TGF110317788, 2011-03-17, 18:54:28.91287,-15.0112,115.2823
TGF110317983, 2011-03-17, 23:36:10.57767,-8.0884,26.6633
TGF110323880, 2011-03-23, 21:07:36.86612,-0.5418,2.1365
TGF110325736, 2011-03-25, 17:39:55.36573,0.4479,37.6294
TGF110326802, 2011-03-26, 19:15:22.31835,-12.2482,33.3196
TGF110406608, 2011-04-06, 14:36:13.77355,-13.4271,22.3134
TGF110419334b, 2011-04-19, 08:01:00.65990,-8.337,10.5997
TGF110420449, 2011-04-20, 10:47:01.58997,17.4904,262.0093
TGF110420450, 2011-04-20, 10:47:22.29916,17.0587,263.2049
TGF110426355, 2011-04-26, 08:31:43.95816,4.2994,282.0743
TGF110429311, 2011-04-29, 07:27:24.22774,8.301,121.9027
TGF110505740, 2011-05-05, 17:45:59.04593,7.0759,274.9458
TGF110506165, 2011-05-06, 03:57:31.23625,7.2226,268.6181
TGF110507128, 2011-05-07, 03:04:50.65267,-2.2201,104.9744
TGF110510077, 2011-05-10, 01:50:27.02446,5.6193,273.6026
TGF110511468, 2011-05-11, 11:14:00.00383,7.2655,118.3887
TGF110513778, 2011-05-13, 18:40:15.70657,24.4103,293.6029
TGF110515621, 2011-05-15, 14:54:49.36507,15.8453,262.5976
TGF110515948, 2011-05-15, 22:45:25.67883,5.9984,118.8508
TGF110516546, 2011-05-16, 13:06:53.11519,9.6994,267.0589
TGF110519195, 2011-05-19, 04:41:17.68395,3.7517,359.949
TGF110520122, 2011-05-20, 02:55:16.20349,-0.1362,11.1464
TGF110521384, 2011-05-21, 09:13:06.56630,6.6702,281.2931
TGF110522841, 2011-05-22, 20:11:25.45978,3.9635,99.6242
TGF110526222, 2011-05-26, 05:19:38.80025,4.0261,296.503
TGF110526357, 2011-05-26, 08:34:45.40163,10.6318,261.2599
TGF110601192, 2011-06-01, 04:36:54.20148,13.7699,283.1707
TGF110604857, 2011-06-04, 20:33:41.55148,17.9658,122.5962
TGF110605566, 2011-06-05, 13:35:33.72157,11.8624,109.8796
TGF110608943, 2011-06-08, 22:38:17.85061,3.4195,289.3372
TGF110608944, 2011-06-08, 22:39:04.68145,4.6831,291.8025
TGF110611289, 2011-06-11, 06:55:45.77585,14.0453,288.4736
TGF110611754, 2011-06-11, 18:05:43.22045,11.4715,123.7614
TGF110619177, 2011-06-19, 04:15:35.01859,12.9119,270.5254
TGF110621423, 2011-06-21, 10:08:39.06625,25.106,117.2228
TGF110622094, 2011-06-22, 02:15:11.56083,13.3846,276.9311
TGF110622948, 2011-06-22, 22:45:20.99947,24.5008,281.5651
TGF110623088, 2011-06-23, 02:06:40.99005,13.8112,270.3004
TGF110626928, 2011-06-26, 22:16:24.80830,21.5793,273.747
TGF110629918, 2011-06-29, 22:02:08.04062,8.0457,292.248
TGF110705536, 2011-07-05, 12:51:43.11945,24.1944,292.5705
TGF110705673, 2011-07-05, 16:08:59.15548,25.5764,268.7094
TGF110706387b, 2011-07-06, 09:17:12.28197,5.5019,282.0672
TGF110706813, 2011-07-06, 19:30:05.77306,6.5626,280.1456
TGF110709302, 2011-07-09, 07:15:22.77495,2.7295,284.0901
TGF110709372, 2011-07-09, 08:55:47.42637,10.5558,275.5743
TGF110710366, 2011-07-10, 08:46:39.21921,9.1634,266.9621
TGF110719400, 2011-07-19, 09:36:28.54030,19.7265,296.5492
TGF110719466, 2011-07-19, 11:10:36.98128,21.0761,267.4379
TGF110720322, 2011-07-20, 07:44:02.00616,25.5076,282.243
TGF110722171, 2011-07-22, 04:06:41.73436,21.6197,281.4528
TGF110723163, 2011-07-23, 03:54:54.93933,17.8245,263.1222
TGF110723310, 2011-07-23, 07:26:23.49253,21.4511,292.2411
TGF110724376, 2011-07-24, 09:00:46.67815,12.7389,287.201
TGF110730987, 2011-07-30, 23:41:19.71962,21.3227,278.1027
TGF110801123, 2011-08-01, 02:57:17.41187,24.5157,275.0374
TGF110801976, 2011-08-01, 23:25:19.55331,21.7566,268.4916
TGF110803825a, 2011-08-03, 19:47:52.85510,8.717,271.216
TGF110803825b, 2011-08-03, 19:48:37.43345,9.866,273.6274
TGF110812042, 2011-08-12, 01:01:04.23105,4.3731,120.061
TGF110815559, 2011-08-15, 13:24:26.34275,11.4291,282.7276
TGF110816556, 2011-08-16, 13:21:19.76312,18.3707,294.5231
TGF110817900, 2011-08-17, 21:36:25.69280,14.4948,264.4902
TGF110818631, 2011-08-18, 15:09:05.86535,10.5434,5.3775
TGF110819469c, 2011-08-19, 11:15:53.03645,11.2874,284.3561
TGF110819753, 2011-08-19, 18:04:38.33674,19.9487,286.707
TGF110819825, 2011-08-19, 19:48:18.15155,8.8557,290.2054
TGF110826504, 2011-08-26, 12:05:26.55565,24.3042,262.9543
TGF110830487, 2011-08-30, 11:41:46.13020,24.4651,276.9938
TGF110902584, 2011-09-02, 14:00:45.00815,1.9322,113.5277
TGF110904928, 2011-09-04, 22:17:01.85900,16.506,109.1427
TGF110905069, 2011-09-05, 01:39:31.22175,-1.1797,98.0081
TGF110905457, 2011-09-05, 10:58:47.49980,18.7381,267.7491
TGF110908948, 2011-09-08, 22:45:24.34855,4.5127,298.4773
TGF110909764, 2011-09-09, 18:19:48.46441,21.9753,111.8837
TGF110911362, 2011-09-11, 08:41:59.09721,7.12,286.0734
TGF110911363, 2011-09-11, 08:43:12.41658,5.1692,289.9806
TGF110912398, 2011-09-12, 09:32:54.26175,11.082,124.4763
TGF110916191, 2011-09-16, 04:34:24.84775,24.668,252.8154
TGF110918191, 2011-09-18, 04:34:22.60732,5.1497,299.3782
TGF110918367, 2011-09-18, 08:48:11.20020,17.97,107.7639
TGF110918368, 2011-09-18, 08:50:00.06492,20.0312,114.1872
TGF110920172, 2011-09-20, 04:08:02.44971,19.0415,255.6164
TGF110922810, 2011-09-22, 19:26:38.62765,21.7896,287.458
TGF110923091, 2011-09-23, 02:10:20.31618,15.7713,272.4026
TGF110924662, 2011-09-24, 15:53:02.05294,14.7229,303.5041
TGF110924869, 2011-09-24, 20:51:20.34487,25.3905,274.1994
TGF110925081, 2011-09-25, 01:56:28.20758,11.9163,270.418
TGF110928001, 2011-09-28, 00:01:59.30265,2.6446,296.9444
TGF110929773, 2011-09-29, 18:33:45.63570,25.2419,268.4435
TGF111001377, 2011-10-01, 09:03:29.40460,12.3253,114.0911
TGF111001552, 2011-10-01, 13:14:42.24291,7.7309,273.1782
TGF111008912, 2011-10-08, 21:53:54.81933,14.8927,103.6699
TGF111014350, 2011-10-14, 08:23:48.17585,19.3256,277.4485
TGF111019935, 2011-10-19, 22:26:20.20328,14.1578,125.2922
TGF111023488b, 2011-10-23, 11:43:26.31428,3.2801,116.9812
TGF111023490, 2011-10-23, 11:45:21.67116,6.3707,123.0768
TGF111024439, 2011-10-24, 10:31:43.28375,19.7773,252.2277
TGF111025301, 2011-10-25, 07:13:13.44972,18.8819,298.2247
TGF111025406, 2011-10-25, 09:44:33.67358,-7.4319,109.2319
TGF111025833, 2011-10-25, 20:00:00.85370,14.7464,114.5813
TGF111027331, 2011-10-27, 07:56:25.58282,-0.7435,135.5585
TGF111027931, 2011-10-27, 22:21:18.48669,8.8181,295.0868
TGF111030915, 2011-10-30, 21:58:13.26283,12.1447,285.5115
TGF111030917, 2011-10-30, 22:00:28.57863,15.3159,293.0896
TGF111101837, 2011-11-01, 20:04:34.50921,10.1556,294.3044
TGF111104645, 2011-11-04, 15:28:35.21147,9.0037,120.3548
TGF111113892, 2011-11-13, 21:24:26.93503,-4.7623,149.0896
TGF111116383, 2011-11-16, 09:10:59.66083,-8.0404,160.1976
TGF111117705, 2011-11-17, 16:54:42.70830,-0.0566,17.1221
TGF111119856, 2011-11-19, 20:32:04.31742,-6.696,111.9655
TGF111121424, 2011-11-21, 10:11:11.09255,-18.4246,132.8073
TGF111122706, 2011-11-22, 16:57:14.78235,-4.026,149.3516
TGF111124269, 2011-11-24, 06:26:41.85915,-7.0358,138.1226
TGF111126681, 2011-11-26, 16:20:36.10790,-7.9423,119.4157
TGF111126682, 2011-11-26, 16:21:29.86690,-6.521,122.2873
TGF111128604, 2011-11-28, 14:29:44.45720,-5.2563,138.0935
TGF111204431, 2011-12-04, 10:20:29.68590,-15.6684,130.8186
TGF111227802, 2011-12-27, 19:15:07.59612,-12.1676,58.3682
TGF111227937, 2011-12-27, 22:29:02.64567,-16.4116,19.9978
TGF111228154, 2011-12-28, 03:42:08.13710,-15.443,47.0804
TGF120106673, 2012-01-06, 16:09:23.47689,-7.1372,16.7305
TGF120109659, 2012-01-09, 15:48:46.65106,-15.3005,18.2972
TGF120110674, 2012-01-10, 16:10:08.29980,-12.3698,123.4933
TGF120110812, 2012-01-10, 19:29:24.05488,0.9725,101.6754
TGF120111585, 2012-01-11, 14:02:45.09425,-22.7914,55.9231
TGF120112307, 2012-01-12, 07:22:27.08068,-10.8874,113.3358
TGF120114919, 2012-01-14, 22:02:39.77908,-3.4761,22.384
TGF120115704, 2012-01-15, 16:54:09.79358,-21.8544,44.4982
TGF120119487, 2012-01-19, 11:41:01.26719,-12.0645,123.4763
TGF120120412, 2012-01-20, 09:53:07.14420,-17.2042,129.6943
TGF120122330, 2012-01-22, 07:55:29.73870,-22.2894,126.0558
TGF120123394, 2012-01-23, 09:26:46.83210,-17.3795,112.7119
TGF120128804, 2012-01-28, 19:18:27.91460,-5.9274,155.8348
TGF120129132, 2012-01-29, 03:10:04.21812,2.9881,16.7398
TGF120217417, 2012-02-17, 10:00:47.94257,-5.2398,141.8491
TGF120222393, 2012-02-22, 09:26:01.40285,-18.4476,144.9109
TGF120222745, 2012-02-22, 17:52:05.04152,-10.0267,130.1213
TGF120223314, 2012-02-23, 07:31:46.49321,-3.8662,130.4587
TGF120228152, 2012-02-28, 03:38:43.10392,-6.7522,157.4086
TGF120303460, 2012-03-03, 11:02:26.39173,-9.7815,19.8672
TGF120307321, 2012-03-07, 07:41:47.19955,-22.3609,140.7891
TGF120308186b, 2012-03-08, 04:27:37.63992,-16.3487,203.6832
TGF120308958, 2012-03-08, 22:59:24.95511,-6.4316,150.6974
TGF120309449, 2012-03-09, 10:46:36.55885,-7.3352,121.1422
TGF120310571, 2012-03-10, 13:42:50.03708,-15.8241,47.9366
TGF120313924, 2012-03-13, 22:09:51.60650,2.2629,106.5395
TGF120318102, 2012-03-18, 02:26:22.23860,-6.9878,29.5374
TGF120402952, 2012-04-02, 22:51:33.15857,-25.1059,48.4227
TGF120412343, 2012-04-12, 08:14:23.14610,-2.646,97.7897
TGF120418869, 2012-04-18, 20:51:06.67331,0.7546,34.0728
TGF120421122, 2012-04-21, 02:55:35.26070,1.7463,287.5761
TGF120421334, 2012-04-21, 08:01:02.51984,24.9502,281.0312
TGF120422444, 2012-04-22, 10:38:40.00430,-6.4903,144.2835
TGF120426487, 2012-04-26, 11:41:21.60178,-1.9012,107.053
TGF120426844, 2012-04-26, 20:15:41.41757,17.5277,118.7564
TGF120429897, 2012-04-29, 21:31:46.50202,6.9228,102.4789
TGF120430757, 2012-04-30, 18:10:47.52770,8.9193,141.6711
TGF120503878, 2012-05-03, 21:04:06.01097,-5.9699,105.7192
TGF120505333, 2012-05-05, 07:58:48.21377,0.9118,276.4077
TGF120508642, 2012-05-08, 15:23:59.53470,9.0848,122.0964
TGF120513880, 2012-05-13, 21:06:39.06743,-0.0226,15.3299
TGF120514142, 2012-05-14, 03:24:36.01892,5.9465,266.2883
TGF120517381, 2012-05-17, 09:08:44.03542,20.6279,116.249
TGF120520437, 2012-05-20, 10:29:13.78475,3.9886,115.5536
TGF120522162, 2012-05-22, 03:53:39.33341,-2.4425,214.4991
TGF120522692, 2012-05-22, 16:36:07.53860,-1.2029,17.1909
TGF120523685, 2012-05-23, 16:26:57.63720,-0.8495,11.044
TGF120525870, 2012-05-25, 20:52:49.60125,3.131,279.33
TGF120526437, 2012-05-26, 10:29:31.91490,6.2861,270.561
TGF120526439, 2012-05-26, 10:32:36.85124,11.0431,280.4954
TGF120526580, 2012-05-26, 13:55:16.86070,24.1457,273.7784
TGF120527596, 2012-05-27, 14:18:14.43405,-4.94,21.5016
TGF120530413, 2012-05-30, 09:55:05.31541,8.5868,253.3984
TGF120531502, 2012-05-31, 12:03:33.00472,0.6065,13.2266
TGF120601404, 2012-06-01, 09:42:13.19676,15.9403,259.35
TGF120602615, 2012-06-02, 14:45:12.77500,17.3404,277.1062
TGF120605969, 2012-06-05, 23:15:56.85352,2.3832,348.9539
TGF120607590, 2012-06-07, 14:09:16.69897,4.092,279.5227
TGF120608583, 2012-06-08, 13:58:58.55579,6.1809,269.9411
TGF120612421, 2012-06-12, 10:05:44.08191,15.7364,275.699
TGF120613411, 2012-06-13, 09:51:59.42017,21.2465,253.4403
TGF120614646, 2012-06-14, 15:30:01.20710,-3.2433,26.4827
TGF120615050a, 2012-06-15, 01:12:07.80997,12.2375,271.3469
TGF120618625, 2012-06-18, 14:59:57.42927,6.4411,23.5106
TGF120624218, 2012-06-24, 05:14:35.88033,4.2616,284.2115
TGF120626205, 2012-06-26, 04:55:12.39504,6.5057,268.9322
TGF120628127, 2012-06-28, 03:02:29.55850,5.3872,284.6628
TGF120628694a, 2012-06-28, 16:39:23.28818,4.4852,276.6669
TGF120630753, 2012-06-30, 18:04:22.75526,15.9229,266.3851
TGF120704488, 2012-07-04, 11:43:19.87479,1.2148,114.0343
TGF120705943, 2012-07-05, 22:37:32.36495,8.5136,283.6623
TGF120705944, 2012-07-05, 22:38:52.53667,6.4096,287.9357
TGF120706512, 2012-07-06, 12:16:39.80524,4.8591,282.7303
TGF120706651, 2012-07-06, 15:37:09.41901,18.8013,266.307
TGF120708570, 2012-07-08, 13:40:32.61919,14.7654,268.8495
TGF120708971, 2012-07-08, 23:17:53.97166,20.7507,140.1185
TGF120711485, 2012-07-11, 11:38:24.22348,15.2265,278.0923
TGF120713614, 2012-07-13, 14:43:35.03705,25.5466,264.673
TGF120715393, 2012-07-15, 09:26:35.84324,14.8622,279.8283
TGF120715607, 2012-07-15, 14:34:00.29872,22.7836,286.8429
TGF120716743, 2012-07-16, 17:49:43.54710,4.5445,280.5317
TGF120717849, 2012-07-17, 20:22:28.13760,21.9526,120.3781
TGF120718657, 2012-07-18, 15:46:10.66086,18.9307,260.5042
TGF120719586, 2012-07-19, 14:03:31.08438,16.7579,285.7053
TGF120720226, 2012-07-20, 05:24:45.89978,6.2294,282.4298
TGF120721503, 2012-07-21, 12:03:37.74587,23.2724,275.988
TGF120721571, 2012-07-21, 13:42:12.96651,20.4552,263.4693
TGF120723745, 2012-07-23, 17:52:57.59105,22.1536,112.9742
TGF120724411b, 2012-07-24, 09:51:34.48430,25.0587,247.0943
TGF120724412, 2012-07-24, 09:52:45.96756,25.414,251.7439
TGF120725554, 2012-07-25, 13:17:08.43145,5.0079,279.32
TGF120726331, 2012-07-26, 07:56:54.67640,24.5745,256.191
TGF120727183, 2012-07-27, 04:23:54.55638,10.3318,252.8231
TGF120728180, 2012-07-28, 04:19:40.24230,17.0702,263.5894
TGF120728461, 2012-07-28, 11:04:18.89615,19.4795,253.0361
TGF120731311, 2012-07-31, 07:27:36.60904,17.9879,290.0506
TGF120731450, 2012-07-31, 10:47:24.70859,4.9345,271.1863
TGF120803101, 2012-08-03, 02:24:54.04732,2.1999,22.0325
TGF120803222, 2012-08-03, 05:20:00.78925,22.9646,280.1286
TGF120803295, 2012-08-03, 07:04:43.24930,12.1671,288.5238
TGF120804287, 2012-08-04, 06:53:26.15862,15.2666,275.7324
TGF120807526, 2012-08-07, 12:37:04.38065,25.0828,123.0006
TGF120813100, 2012-08-13, 02:24:19.98277,10.2533,287.3685
TGF120814947, 2012-08-14, 22:43:52.87740,23.6913,284.8748
TGF120816335, 2012-08-16, 08:02:10.32655,25.7216,113.9153
TGF120817007, 2012-08-17, 00:10:30.07842,13.3107,283.3154
TGF120820915, 2012-08-20, 21:57:40.40572,14.8055,282.4814
TGF120821025, 2012-08-21, 00:35:38.16020,8.509,113.379
TGF120821237, 2012-08-21, 05:41:12.69500,25.7336,110.8147
TGF120822711, 2012-08-22, 17:03:15.92540,-0.7633,16.9724
TGF120823943, 2012-08-23, 22:37:16.83646,14.9327,135.9116
TGF120825465, 2012-08-25, 11:09:23.00324,12.2113,289.2277
TGF120827282, 2012-08-27, 06:45:53.03465,-1.5553,137.6329
TGF120828111, 2012-08-28, 02:40:08.26265,4.5677,18.9611
TGF120830100, 2012-08-30, 02:24:26.63611,8.6266,16.3103
TGF120830830, 2012-08-30, 19:55:24.37135,11.1489,113.7253
TGF120901713, 2012-09-01, 17:06:20.45002,1.2361,294.6914
TGF120901818, 2012-09-01, 19:38:07.83788,12.5989,106.1702
TGF120905331, 2012-09-05, 07:57:07.81960,17.0742,266.2413
TGF120906009, 2012-09-06, 00:13:29.53412,20.1573,107.3813
TGF120907345, 2012-09-07, 08:17:20.83546,-3.3942,32.9455
TGF120907606b, 2012-09-07, 14:32:37.45833,6.7739,275.6981
TGF120908174, 2012-09-08, 04:11:14.04325,5.8727,273.3211
TGF120910097, 2012-09-10, 02:20:02.88618,9.8086,294.9432
TGF120911162, 2012-09-11, 03:53:48.71299,19.8503,290.9073
TGF120913078b, 2012-09-13, 01:52:45.93518,10.0984,279.3066
TGF120916060, 2012-09-16, 01:25:42.15071,10.7484,264.4463
TGF120916414, 2012-09-16, 09:55:38.20020,12.3544,263.7541
TGF120917079, 2012-09-17, 01:53:11.69312,6.7455,32.0898
TGF120917340, 2012-09-17, 08:10:18.84729,13.4522,280.1536
TGF120918800, 2012-09-18, 19:11:19.80995,9.814,112.3552
TGF120919969, 2012-09-19, 23:14:49.78022,12.5367,271.115
TGF120920713, 2012-09-20, 17:06:00.86542,23.4955,85.1232
TGF120921360, 2012-09-21, 08:38:17.21100,12.9829,120.5589
TGF120922245, 2012-09-22, 05:52:25.08357,8.4409,288.483
TGF120923238, 2012-09-23, 05:43:20.26144,8.2919,283.3863
TGF120924232, 2012-09-24, 05:34:47.02317,7.3102,279.9948
TGF120927009, 2012-09-27, 00:12:35.27500,19.1565,308.2994
TGF120928988, 2012-09-28, 23:42:18.64811,25.6502,252.3353
TGF120930986, 2012-09-30, 23:39:32.04540,14.4191,299.7428
TGF121001844, 2012-10-01, 20:15:10.26530,19.872,327.8643
TGF121004676, 2012-10-04, 16:13:36.13953,16.6993,273.3648
TGF121006024, 2012-10-06, 00:34:42.86518,5.499,267.7172
TGF121007450, 2012-10-07, 10:48:29.45660,-0.5671,293.5825
TGF121008583, 2012-10-08, 13:59:24.12147,14.1194,269.667
TGF121011427, 2012-10-11, 10:14:46.85241,4.6365,282.1227
TGF121011888, 2012-10-11, 21:18:50.33220,-1.3417,100.0985
TGF121012241, 2012-10-12, 05:47:13.93020,23.0243,91.422
TGF121012817, 2012-10-12, 19:35:56.15345,1.4712,124.4765
TGF121013774, 2012-10-13, 18:34:35.75795,5.6212,297.6012
TGF121014570, 2012-10-14, 13:40:19.33310,3.8069,8.8572
TGF121014571, 2012-10-14, 13:42:51.96930,-0.3521,16.8585
TGF121015868b, 2012-10-15, 20:49:59.18360,11.5758,104.4408
TGF121017786, 2012-10-17, 18:51:40.65696,4.6192,103.7232
TGF121018710, 2012-10-18, 17:02:33.61735,-2.7188,108.5669
TGF121020897, 2012-10-20, 21:31:04.96059,-1.2418,27.5908
TGF121021369, 2012-10-21, 08:51:56.42805,18.5009,260.264
TGF121023222, 2012-10-23, 05:19:30.94499,14.4819,287.4946
TGF121024504, 2012-10-24, 12:06:15.61175,6.1683,310.473
TGF121028478, 2012-10-28, 11:27:48.72350,8.2239,284.7718
TGF121028516, 2012-10-28, 12:23:39.91742,4.9784,118.4474
TGF121028710, 2012-10-28, 17:02:34.55550,-6.7239,22.5742
TGF121030966, 2012-10-30, 23:11:38.26651,3.2842,293.8738
TGF121101386, 2012-11-01, 09:15:26.34879,7.8652,288.3273
TGF121102949, 2012-11-02, 22:46:06.56392,7.1767,285.4599
TGF121103374, 2012-11-03, 08:59:05.06880,4.2285,284.842
TGF121103428, 2012-11-03, 10:15:51.16025,25.2204,195.1774
TGF121103606, 2012-11-03, 14:32:15.62880,-5.1911,17.6987
TGF121104065, 2012-11-04, 01:33:26.32975,-14.9245,186.0138
TGF121109998, 2012-11-09, 23:57:36.91575,3.021,11.3312
TGF121111123, 2012-11-11, 02:56:51.11670,6.5113,310.3546
TGF121111758, 2012-11-11, 18:11:04.04747,6.6147,284.608
TGF121113683, 2012-11-13, 16:23:57.99380,16.7504,321.2633
TGF121118543, 2012-11-18, 13:02:14.51345,1.3035,112.5021
TGF121118879, 2012-11-18, 21:05:37.75177,-9.1703,11.3629
TGF121122946, 2012-11-22, 22:42:22.14830,-5.2785,105.0272
TGF121125826, 2012-11-25, 19:49:10.96195,8.3593,299.3557
TGF121126687, 2012-11-26, 16:29:21.19762,7.8982,343.6746
TGF121126926, 2012-11-26, 22:13:48.50534,9.2171,112.0788
TGF121129774, 2012-11-29, 18:34:26.71856,8.5457,143.3807
TGF121129803, 2012-11-29, 19:16:38.38876,0.3251,293.7982
TGF121205505, 2012-12-05, 12:06:44.03045,-12.2297,24.55
TGF121206588, 2012-12-06, 14:07:09.55994,-8.8495,120.5933
TGF121207917, 2012-12-07, 22:00:05.41500,-0.0322,10.8302
TGF121209500, 2012-12-09, 11:59:23.79368,-15.0413,115.001
TGF121210138, 2012-12-10, 03:18:53.88870,-6.1037,106.8286
TGF121212283, 2012-12-12, 06:47:18.40632,-11.864,179.5006
TGF121213344a, 2012-12-13, 08:14:45.57386,-9.6255,154.6591
TGF121213344b, 2012-12-13, 08:15:32.31282,-8.4164,157.184
TGF121214906, 2012-12-14, 21:44:09.37657,-3.6103,148.3434
TGF121215961, 2012-12-15, 23:03:29.28110,7.1236,97.7771
TGF121217320, 2012-12-17, 07:40:10.61352,-4.7775,143.1173
TGF121217523, 2012-12-17, 12:33:18.04631,6.6366,92.2505
TGF121218753, 2012-12-18, 18:04:30.29170,-16.6992,204.5017
TGF121218754, 2012-12-18, 18:05:04.72378,-17.42,206.4845
TGF121220866, 2012-12-20, 20:47:18.08568,-3.157,115.4355
TGF121221950, 2012-12-21, 22:47:40.54503,-17.2057,210.217
TGF121223148, 2012-12-23, 03:32:31.87581,-5.266,158.7754
TGF121228684, 2012-12-28, 16:25:33.48098,-10.2714,135.7932
TGF130106980, 2013-01-06, 23:30:45.59541,-12.3015,88.1509
TGF130108115, 2013-01-08, 02:45:06.58303,8.5114,75.8931
TGF130115386, 2013-01-15, 09:16:06.64877,-20.6088,212.3684
TGF130115502, 2013-01-15, 12:03:13.89395,-15.1286,75.0958
TGF130118281, 2013-01-18, 06:44:10.78272,-8.5622,117.4264
TGF130118545, 2013-01-18, 13:05:03.20380,-7.631,18.0948
TGF130120628, 2013-01-20, 15:04:51.23014,0.5287,137.0095
TGF130121996, 2013-01-21, 23:53:54.09440,-20.7349,224.7003
TGF130125365, 2013-01-25, 08:46:04.86782,-4.7177,23.8232
TGF130201348, 2013-02-01, 08:20:50.43163,-5.8482,134.063
TGF130202272, 2013-02-02, 06:31:39.07605,-12.4839,139.1467
TGF130205257, 2013-02-05, 06:09:21.77797,-2.7145,143.2961
TGF130205820, 2013-02-05, 19:41:30.84832,0.2747,120.9707
TGF130209726, 2013-02-09, 17:26:00.20185,3.6266,117.589
TGF130214638, 2013-02-14, 15:19:06.40632,-20.0803,168.346
TGF130216677, 2013-02-16, 16:15:18.41710,9.8027,67.8106
TGF130217419, 2013-02-17, 10:03:15.77728,-18.8413,221.4641
TGF130217630, 2013-02-17, 15:07:40.42320,-22.6398,218.072
TGF130217700b, 2013-02-17, 16:48:23.54805,-17.0429,212.9898
TGF130219335, 2013-02-19, 08:02:52.10341,-10.9149,215.0667
TGF130221523, 2013-02-21, 12:33:12.78757,-15.6655,142.567
TGF130221538, 2013-02-21, 12:54:08.29176,-22.6076,221.2389
TGF130221742, 2013-02-21, 17:47:51.36068,-13.9956,175.1379
TGF130222730, 2013-02-22, 17:30:54.32120,-22.4138,143.7218
TGF130225358, 2013-02-25, 08:36:05.03369,-3.3151,143.2256
TGF130227704, 2013-02-27, 16:53:35.40365,-9.4634,153.3964
TGF130228413, 2013-02-28, 09:54:29.51820,-19.9253,141.9799
TGF130302615, 2013-03-02, 14:45:39.16369,-15.0877,148.9876
TGF130302617, 2013-03-02, 14:48:11.01871,-11.4975,157.4214
TGF130307034, 2013-03-07, 00:49:22.38440,-18.3638,221.4947
TGF130307316, 2013-03-07, 07:35:24.73672,-16.3792,216.6012
TGF130307317b, 2013-03-07, 07:36:13.72880,-15.2985,219.3953
TGF130310425, 2013-03-10, 10:11:59.72550,-22.3482,132.4937
TGF130312485, 2013-03-12, 11:38:34.22792,-9.3481,133.4683
TGF130313881, 2013-03-13, 21:08:31.76012,2.5778,5.4812
TGF130317119a, 2013-03-17, 02:51:09.37417,-13.4098,219.8501
TGF130317119b, 2013-03-17, 02:51:41.76432,-12.63,221.6501
TGF130321734, 2013-03-21, 17:36:18.10595,-14.2876,204.2926
TGF130321926, 2013-03-21, 22:13:38.01367,-0.6973,103.1007
TGF130324345, 2013-03-24, 08:17:02.08325,5.0588,122.6667
TGF130327518, 2013-03-27, 12:25:55.71105,-8.457,7.3797
TGF130328023, 2013-03-28, 00:33:50.08382,-12.0157,45.629
TGF130329243, 2013-03-29, 05:49:21.86534,-1.8495,107.2903
TGF130402983, 2013-04-02, 23:35:59.62046,-11.815,13.514
TGF130406055, 2013-04-06, 01:18:29.60400,-6.7469,104.0691
TGF130409996, 2013-04-09, 23:54:33.79092,3.016,282.4062
TGF130412458, 2013-04-12, 10:59:07.27491,-20.7454,155.5718
TGF130414791, 2013-04-14, 18:59:26.04925,-15.6818,109.4372
TGF130415427, 2013-04-15, 10:14:57.21272,0.9194,89.5162
TGF130415697, 2013-04-15, 16:43:20.16095,-10.1884,14.2359
TGF130416162, 2013-04-16, 03:53:41.77175,-14.3624,213.2834
TGF130418377, 2013-04-18, 09:02:32.70545,6.0711,279.426
TGF130422130, 2013-04-22, 03:06:35.08010,-24.9053,221.6303
TGF130423011, 2013-04-23, 00:16:13.47780,4.2385,11.0856
TGF130423699, 2013-04-23, 16:46:09.89925,13.4136,259.6349
TGF130424239, 2013-04-24, 05:43:37.30325,-9.6905,111.6562
TGF130424460, 2013-04-24, 11:03:04.96112,-13.0698,160.368
TGF130428836, 2013-04-28, 20:03:19.59727,-2.3058,15.4652
TGF130429566, 2013-04-29, 13:35:08.45334,2.4867,116.8281
TGF130430165, 2013-04-30, 03:57:39.11886,9.4026,271.4929
TGF130502619, 2013-05-02, 14:51:49.43099,17.9531,111.0661
TGF130504961, 2013-05-04, 23:04:29.53860,0.5503,106.4015
TGF130506347a, 2013-05-06, 08:20:01.70418,11.4889,293.0279
TGF130506347b, 2013-05-06, 08:20:22.11547,10.9789,294.1461
TGF130509133, 2013-05-09, 03:11:29.55993,0.87,11.7159
TGF130509329, 2013-05-09, 07:53:23.27465,7.611,285.4698
TGF130510430, 2013-05-10, 10:19:54.17120,13.4697,106.1173
TGF130511618, 2013-05-11, 14:49:33.39227,3.1262,6.2811
TGF130512308, 2013-05-12, 07:23:31.66333,8.653,267.5977
TGF130512846, 2013-05-12, 20:17:51.14352,-9.8855,109.3747
TGF130513870, 2013-05-13, 20:52:55.06510,5.4385,262.9049
TGF130517321a, 2013-05-17, 07:41:41.79685,20.1633,112.1849
TGF130520529, 2013-05-20, 12:41:36.15727,-14.5015,175.2852
TGF130520833, 2013-05-20, 19:59:50.01621,24.0671,278.7845
TGF130522077, 2013-05-22, 01:51:20.75453,-2.7717,107.674
TGF130526422, 2013-05-26, 10:06:58.11555,-13.6567,166.195
TGF130526937, 2013-05-26, 22:29:15.20409,17.6888,264.7868
TGF130528341, 2013-05-28, 08:10:28.23745,-11.385,174.8667
TGF130528733, 2013-05-28, 17:36:08.39500,-1.2383,8.2243
TGF130528965, 2013-05-28, 23:09:21.07430,0.2378,101.0495
TGF130529856, 2013-05-29, 20:32:10.63291,6.6731,298.8439
TGF130529963, 2013-05-29, 23:07:07.97428,12.196,120.0894
TGF130605439, 2013-06-05, 10:32:01.55442,-16.9456,192.4269
TGF130606705, 2013-06-06, 16:55:49.99871,1.6597,129.523
TGF130608438, 2013-06-08, 10:31:07.59860,23.1643,271.8741
TGF130608439, 2013-06-08, 10:32:35.85033,24.1356,277.4522
TGF130609360, 2013-06-09, 08:38:59.24240,15.8673,265.9718
TGF130610680, 2013-06-10, 16:18:52.65560,5.4918,115.9814
TGF130611560, 2013-06-11, 13:26:57.48702,21.8642,263.8263
TGF130613552a, 2013-06-13, 13:15:02.40731,12.5529,280.4365
TGF130613878, 2013-06-13, 21:04:55.67290,21.0045,134.9681
TGF130614873, 2013-06-14, 20:56:47.81539,19.2092,135.8718
TGF130617262, 2013-06-17, 06:17:13.40970,8.154,6.3775
TGF130624135, 2013-06-24, 03:15:02.10602,25.6926,289.3831
TGF130628231, 2013-06-28, 05:32:07.69350,15.9262,166.2565
TGF130628247, 2013-06-28, 05:56:10.60365,19.3972,257.0233
TGF130628251, 2013-06-28, 06:01:45.58710,12.039,276.22
TGF130628254, 2013-06-28, 06:05:09.59777,6.7965,287.279
TGF130628360, 2013-06-28, 08:39:05.89971,10.6183,105.1238
TGF130629243, 2013-06-29, 05:49:57.47332,14.8436,264.4241
TGF130629640, 2013-06-29, 15:21:44.23447,15.2377,117.362
TGF130629848, 2013-06-29, 20:20:55.09850,-5.4521,86.7056
TGF130630777, 2013-06-30, 18:38:12.77605,-9.3847,113.8121
TGF130630951, 2013-06-30, 22:49:39.58148,24.291,278.7473
TGF130701021, 2013-07-01, 00:29:50.94293,25.7753,273.3335
TGF130701700, 2013-07-01, 16:47:57.42650,-1.2367,116.7824
TGF130704112, 2013-07-04, 02:41:16.03958,-9.6574,106.6126
TGF130704144, 2013-07-04, 03:26:54.86480,12.6905,267.7949
TGF130705109, 2013-07-05, 02:37:19.17085,-0.1676,120.1674
TGF130705135, 2013-07-05, 03:14:25.14435,16.3594,253.6171
TGF130705851, 2013-07-05, 20:25:47.65693,24.7053,279.915
TGF130707838, 2013-07-07, 20:07:07.38767,25.1672,273.6002
TGF130708776, 2013-07-08, 18:37:19.89615,17.5502,351.2307
TGF130709307, 2013-07-09, 07:22:18.32869,14.6126,164.1163
TGF130709944, 2013-07-09, 22:39:20.92876,3.2066,149.2793
TGF130710964, 2013-07-10, 23:07:49.93866,11.7715,282.0202
TGF130712024, 2013-07-12, 00:34:52.72377,9.3777,257.6156
TGF130712880, 2013-07-12, 21:07:43.74476,18.4888,278.9033
TGF130713737, 2013-07-13, 17:41:35.13138,23.7269,301.9655
TGF130718772, 2013-07-18, 18:31:45.63362,19.8866,267.4011
TGF130719625, 2013-07-19, 14:59:53.86436,25.6143,267.7978
TGF130720564, 2013-07-20, 13:31:56.30317,12.1433,350.613
TGF130720691, 2013-07-20, 16:34:20.04101,22.1098,272.9576
TGF130721801, 2013-07-21, 19:14:03.07995,16.1946,139.2441
TGF130723390, 2013-07-23, 09:22:18.42980,16.3043,275.1792
TGF130726300, 2013-07-26, 07:11:34.68800,8.0399,264.8727
TGF130727226, 2013-07-27, 05:26:03.28180,7.6032,283.0915
TGF130727554, 2013-07-27, 13:17:27.79875,-0.9576,144.5493
TGF130728427, 2013-07-28, 10:15:33.78310,23.7377,251.6504
TGF130728504, 2013-07-28, 12:05:55.70599,20.6459,285.2961
TGF130728835, 2013-07-28, 20:02:27.66569,20.8121,162.9403
TGF130728896, 2013-07-28, 21:30:08.98615,25.491,109.3768
TGF130729015a, 2013-07-29, 00:22:12.33637,10.6637,352.1066
TGF130729213, 2013-07-29, 05:07:23.26999,9.3961,276.3449
TGF130729564, 2013-07-29, 13:32:15.99495,19.6903,258.9857
TGF130731818, 2013-07-31, 19:37:53.96285,14.6065,165.3957
TGF130803857, 2013-08-03, 20:33:54.10275,24.301,90.4961
TGF130809149, 2013-08-09, 03:34:49.04856,25.5563,278.598
TGF130809360, 2013-08-09, 08:38:24.84715,12.0625,270.4234
TGF130809598, 2013-08-09, 14:20:38.17308,1.5552,32.6563
TGF130809689, 2013-08-09, 16:32:37.39127,15.554,140.3333
TGF130811280, 2013-08-11, 06:43:23.58655,11.818,284.8938
TGF130812059, 2013-08-12, 01:24:57.36940,23.5299,269.0655
TGF130813908, 2013-08-13, 21:47:26.48625,16.4581,282.1355
TGF130814260, 2013-08-14, 06:15:03.88888,9.617,274.0538
TGF130816179, 2013-08-16, 04:17:23.19292,13.2794,279.8891
TGF130818097, 2013-08-18, 02:19:06.75512,17.3808,283.4596
TGF130818806, 2013-08-18, 19:20:50.26775,14.3273,274.9674
TGF130826618, 2013-08-26, 14:50:06.08405,13.565,280.2174
TGF130826972, 2013-08-26, 23:20:13.02502,8.8941,281.0812
TGF130828536, 2013-08-28, 12:51:39.71497,8.7757,283.6702
TGF130829855, 2013-08-29, 20:31:26.15697,-2.4859,134.7267
TGF130901911b, 2013-09-01, 21:52:10.88167,20.0728,145.2676
TGF130902572, 2013-09-02, 13:44:20.84380,18.7443,257.5803
TGF130902789a, 2013-09-02, 18:55:44.80743,14.9004,279.9025
TGF130902834, 2013-09-02, 20:01:27.74785,13.2088,145.6964
TGF130903255, 2013-09-03, 06:07:06.76291,8.9835,122.7947
TGF130904156, 2013-09-04, 03:43:57.16510,6.8233,5.0992
TGF130905107, 2013-09-05, 02:33:55.27205,12.8679,152.5961
TGF130905417, 2013-09-05, 10:00:43.40346,14.9043,280.2872
TGF130905817, 2013-09-05, 19:36:14.12414,19.2886,146.3628
TGF130906099, 2013-09-06, 02:22:52.34255,14.3912,143.7872
TGF130906166, 2013-09-06, 03:58:38.65772,13.7779,120.9159
TGF130906237, 2013-09-06, 05:41:38.17240,1.8424,121.3699
TGF130907593, 2013-09-07, 14:13:53.00482,-5.2569,155.6145
TGF130907684, 2013-09-07, 16:24:50.21509,21.5589,258.0699
TGF130907689, 2013-09-07, 16:32:15.66246,12.4483,284.01
TGF130907690, 2013-09-07, 16:33:28.57214,10.6409,288.0184
TGF130908586, 2013-09-08, 14:03:38.61907,-5.6526,149.6284
TGF130910922, 2013-09-10, 22:07:26.12742,25.685,111.4397
TGF130912104, 2013-09-12, 02:29:16.57869,14.6762,340.8031
TGF130912589, 2013-09-12, 14:08:20.75135,10.389,286.8445
TGF130913030, 2013-09-13, 00:43:01.84543,13.4003,356.8829
TGF130913031, 2013-09-13, 00:44:11.52660,15.0136,0.7904
TGF130914151, 2013-09-14, 03:37:58.50122,4.627,284.4298
TGF130914223, 2013-09-14, 05:21:13.84200,16.392,286.1162
TGF130915033, 2013-09-15, 00:47:49.35460,20.5558,79.1025
TGF130915358, 2013-09-15, 08:35:34.40312,25.631,283.4576
TGF130915566, 2013-09-15, 13:34:51.96822,15.3362,259.6975
TGF130917489, 2013-09-17, 11:44:50.11269,7.5061,291.1555
TGF130919866, 2013-09-19, 20:46:34.74638,21.04,99.8977
TGF130920255, 2013-09-20, 06:06:53.42960,25.2,268.8464
TGF130921445, 2013-09-21, 10:40:57.95096,24.3806,183.1763
TGF130921516, 2013-09-21, 12:22:46.59652,25.4162,184.1799
TGF130922388, 2013-09-22, 09:18:05.88826,9.5231,285.2371
TGF130922956, 2013-09-22, 22:56:54.96879,4.0411,285.0525
TGF130925226, 2013-09-25, 05:25:13.64067,23.7092,275.6247
TGF130926075, 2013-09-26, 01:47:33.88551,18.5635,254.0913
TGF130926627, 2013-09-26, 15:02:36.97279,4.3289,177.5536
TGF130927287, 2013-09-27, 06:52:56.19468,9.0682,284.5019
TGF131001120, 2013-10-01, 02:52:54.97142,21.1486,280.5512
TGF131001235, 2013-10-01, 05:39:06.95552,12.901,140.1754
TGF131005699, 2013-10-05, 16:46:08.55268,-0.7997,91.9945
TGF131008863, 2013-10-08, 20:43:12.38055,23.977,299.222
TGF131011721, 2013-10-11, 17:17:53.93537,4.6516,26.0292
TGF131016192, 2013-10-16, 04:37:07.73054,2.7918,17.1224
TGF131017416a, 2013-10-17, 09:59:04.15976,-0.026,101.438
TGF131018514, 2013-10-18, 12:20:37.77772,13.6639,267.7089
TGF131018638, 2013-10-18, 15:18:28.43400,-6.7342,177.9273
TGF131018778, 2013-10-18, 18:40:42.83817,11.8729,166.2305
TGF131019440, 2013-10-19, 10:33:24.83439,11.0011,280.8697
TGF131021590, 2013-10-21, 14:10:12.47795,-8.8664,25.1459
TGF131024341, 2013-10-24, 08:10:50.77634,15.5076,289.9501
TGF131024758, 2013-10-24, 18:11:59.05755,13.2163,252.2354
TGF131027318, 2013-10-27, 07:37:51.10980,11.6269,265.3196
TGF131029130, 2013-10-29, 03:06:33.18825,8.659,95.4458
TGF131029236, 2013-10-29, 05:40:09.76955,8.3232,272.302
TGF131030234, 2013-10-30, 05:37:01.49607,18.1528,290.5708
TGF131030236, 2013-10-30, 05:40:01.03890,21.3979,301.346
TGF131031370, 2013-10-31, 08:53:19.73707,24.7065,296.9681
TGF131031616, 2013-10-31, 14:47:08.76120,0.6739,100.8425
TGF131031840, 2013-10-31, 20:10:01.84205,15.758,161.0994
TGF131101610, 2013-11-01, 14:38:59.87497,3.9065,101.926
TGF131101755, 2013-11-01, 18:07:38.93035,25.0068,116.227
TGF131102608, 2013-11-02, 14:35:25.23684,13.9601,118.0386
TGF131104413, 2013-11-04, 09:55:12.61091,18.6985,278.2198
TGF131105019, 2013-11-05, 00:26:53.39420,-1.9234,104.3571
TGF131105519, 2013-11-05, 12:27:47.30917,11.2362,120.6572
TGF131106396, 2013-11-06, 09:30:35.15483,22.939,251.9744
TGF131108106, 2013-11-08, 02:32:31.78375,20.4285,275.8292
TGF131108388, 2013-11-08, 09:18:30.71735,13.6394,270.9194
TGF131108960, 2013-11-08, 23:02:11.72630,7.6233,287.1008
TGF131109618, 2013-11-09, 14:49:42.72026,-1.5854,25.6102
TGF131110025, 2013-11-10, 00:35:18.12215,18.7135,284.256
TGF131110541, 2013-11-10, 12:58:55.77514,-9.978,27.931
TGF131110912, 2013-11-10, 21:53:36.76350,-6.701,107.059
TGF131111179, 2013-11-11, 04:18:02.34117,-11.5365,19.8749
TGF131113003, 2013-11-13, 00:04:22.71347,18.2806,267.4561
TGF131113288, 2013-11-13, 06:54:11.17688,10.9215,275.5577
TGF131116269, 2013-11-16, 06:27:35.40927,4.683,272.913
TGF131130703, 2013-11-30, 16:51:53.95865,-3.6659,22.2449
TGF131201441, 2013-12-01, 10:34:42.14730,-22.6546,163.1569
TGF131202122, 2013-12-02, 02:55:37.73319,-5.615,20.9126
TGF131204700, 2013-12-04, 16:47:39.09460,-13.6812,134.4201
TGF131204703, 2013-12-04, 16:52:21.41147,-6.5586,149.7269
TGF131206327, 2013-12-06, 07:51:29.17190,0.1261,105.8942
TGF131206883, 2013-12-06, 21:12:06.90095,-14.993,48.0084
TGF131210172, 2013-12-10, 04:08:17.51857,-13.292,161.4728
TGF131210525, 2013-12-10, 12:35:41.49392,-13.2168,153.5328
TGF131211343, 2013-12-11, 08:13:54.47083,25.501,340.8313
TGF131211711, 2013-12-11, 17:04:01.06965,-21.9791,49.7022
TGF131212443, 2013-12-12, 10:38:13.51672,-15.4034,162.3698
TGF131212663, 2013-12-12, 15:55:23.16456,25.375,195.2173
TGF131213728, 2013-12-13, 17:28:40.16239,23.9021,198.016
TGF131215492, 2013-12-15, 11:47:45.96628,-7.8308,139.625
TGF131217560, 2013-12-17, 13:25:43.10522,24.054,183.3215
TGF131220722, 2013-12-20, 17:19:51.39751,-3.8912,24.5323
TGF131221899, 2013-12-21, 21:34:33.88140,-25.7151,232.0719
TGF131222213, 2013-12-22, 05:07:15.97007,-0.9026,26.1062
TGF131222217, 2013-12-22, 05:12:28.25503,-9.2393,42.6355
TGF131222568, 2013-12-22, 13:38:00.08137,-19.1134,27.801
TGF140102680, 2014-01-02, 16:19:28.26752,-25.6198,219.4494
TGF140104417, 2014-01-04, 09:59:59.78385,-1.2907,25.8224
TGF140106901, 2014-01-06, 21:37:31.35035,-4.6077,24.4823
TGF140109487, 2014-01-09, 11:41:11.60720,-14.803,177.2027
TGF140109545, 2014-01-09, 13:05:22.94635,2.5638,116.9321
TGF140110902, 2014-01-10, 21:38:15.01677,-3.9932,155.1573
TGF140112118, 2014-01-12, 02:49:44.64462,20.339,205.6341
TGF140113786, 2014-01-13, 18:52:16.85135,-9.3043,22.5354
TGF140117690, 2014-01-17, 16:33:56.70894,-7.2785,22.2497
TGF140119363, 2014-01-19, 08:42:12.32225,-23.3573,228.0151
TGF140120145b, 2014-01-20, 03:28:35.56456,-19.0248,229.8769
TGF140121891, 2014-01-21, 21:22:28.31298,2.0492,86.3939
TGF140122544, 2014-01-22, 13:03:08.00312,-16.9471,162.6821
TGF140123657, 2014-01-23, 15:46:29.19662,-24.7229,45.1764
TGF140124244, 2014-01-24, 05:51:12.19157,-10.718,139.8221
TGF140125067, 2014-01-25, 01:35:52.25275,0.0953,354.3652
TGF140126167, 2014-01-26, 04:00:42.94480,-18.5225,173.3999
TGF140127437, 2014-01-27, 10:29:34.48862,-23.1757,139.9046
TGF140128906, 2014-01-28, 21:45:15.72057,3.0609,28.442
TGF140129212, 2014-01-29, 05:05:39.55973,-19.7241,137.5579
TGF140202869, 2014-02-02, 20:51:27.79257,0.6951,358.5662
TGF140202870, 2014-02-02, 20:52:09.22992,1.829,0.7407
TGF140204389, 2014-02-04, 09:19:48.61540,-5.1359,147.5584
TGF140204581, 2014-02-04, 13:56:34.06100,-18.3387,44.2748
TGF140205055, 2014-02-05, 01:19:19.67513,5.4983,284.741
TGF140205285, 2014-02-05, 06:50:52.16627,-2.3747,13.499
TGF140207296, 2014-02-07, 07:06:10.68505,-15.3836,134.4449
TGF140208806, 2014-02-08, 19:20:58.65148,-25.1669,230.5504
TGF140209195, 2014-02-09, 04:40:56.21988,-13.8062,41.3988
TGF140217289, 2014-02-17, 06:56:52.44760,-14.3584,61.8912
TGF140220838, 2014-02-20, 20:06:24.02449,-3.1878,55.7553
TGF140226794, 2014-02-26, 19:03:07.32911,-3.7143,26.38
TGF140303495, 2014-03-03, 11:52:21.84500,-9.3761,109.8557
TGF140304586, 2014-03-04, 14:03:30.76782,7.4473,244.2534
TGF140304899, 2014-03-04, 21:34:28.84297,-25.1026,35.7846
TGF140305485, 2014-03-05, 11:38:55.15070,-19.8775,126.4822
TGF140306742, 2014-03-06, 17:48:27.56253,-18.827,20.6918
TGF140306743b, 2014-03-06, 17:49:57.40737,-20.458,26.049
TGF140307683, 2014-03-07, 16:24:08.82061,-19.4557,121.8437
TGF140308491, 2014-03-08, 11:46:49.36825,9.4154,252.4503
TGF140308747, 2014-03-08, 17:55:53.53174,-9.908,116.6766
TGF140311136, 2014-03-11, 03:15:18.81896,4.6763,349.376
TGF140314216, 2014-03-14, 05:10:55.52509,-12.1705,133.3796
TGF140316625, 2014-03-16, 15:00:18.73600,-1.403,117.818
TGF140319603, 2014-03-19, 14:27:40.75244,-2.1427,101.3626
TGF140327477, 2014-03-27, 11:27:29.21749,-0.3181,89.2142
TGF140401806, 2014-04-01, 19:20:12.91159,-4.2089,119.1969
TGF140402674, 2014-04-02, 16:10:10.07745,-20.1662,200.7483
TGF140406874, 2014-04-06, 20:58:51.09746,18.4553,270.3058
TGF140408862, 2014-04-08, 20:40:44.54312,22.1771,273.4205
TGF140408878, 2014-04-08, 21:04:53.92695,11.7778,3.7586
TGF140410105, 2014-04-10, 02:30:51.10123,-6.6667,104.3594
TGF140417574, 2014-04-17, 13:46:12.04760,-20.8328,199.077
TGF140418744, 2014-04-18, 17:50:40.72630,-4.1602,10.0203
TGF140419169, 2014-04-19, 04:02:43.31145,-7.4733,9.1177
TGF140420033, 2014-04-20, 00:46:59.93102,1.8388,71.0304
TGF140420662a, 2014-04-20, 15:53:18.03257,-3.7602,23.5918
TGF140422321, 2014-04-22, 07:41:47.87620,-14.0676,157.1788
TGF140424006, 2014-04-24, 00:08:34.72664,10.3564,68.2673
TGF140424303, 2014-04-24, 07:16:47.55450,-9.5322,136.9985
TGF140424457, 2014-04-24, 10:57:38.15792,-17.1545,200.0435
TGF140427314, 2014-04-27, 07:31:38.55285,9.758,290.3651
TGF140430250, 2014-04-30, 06:00:23.73749,7.3586,73.7394
TGF140502440a, 2014-05-02, 10:33:13.62740,-7.2002,19.3404
TGF140502440b, 2014-05-02, 10:33:13.62815,-7.2002,19.3405
TGF140502599, 2014-05-02, 14:23:16.47830,-6.128,112.447
TGF140503729, 2014-05-03, 17:29:59.71250,5.549,81.5489
TGF140505417, 2014-05-05, 10:00:03.40185,-6.9097,3.8508
TGF140505540, 2014-05-05, 12:56:59.86747,14.5266,271.5038
TGF140509483, 2014-05-09, 11:34:57.27935,0.2365,114.48
TGF140510292, 2014-05-10, 07:01:02.16630,25.7078,262.9279
TGF140515071, 2014-05-15, 01:42:02.27910,4.4456,29.6305
TGF140515372, 2014-05-15, 08:54:59.73615,2.5419,113.6063
TGF140515865, 2014-05-15, 20:45:53.15295,3.3775,99.7682
TGF140519014, 2014-05-19, 00:19:28.94900,10.3792,231.2746
TGF140520336, 2014-05-20, 08:04:18.93950,9.68,103.2235
TGF140520568, 2014-05-20, 13:37:43.68723,-9.5989,197.8871
TGF140522680, 2014-05-22, 16:19:05.87190,1.8646,116.8384
TGF140522851, 2014-05-22, 20:24:58.78495,10.6372,260.7876
TGF140527081, 2014-05-27, 01:56:40.80487,2.3559,127.0929
TGF140527505, 2014-05-27, 12:07:31.31097,11.05,122.3265
TGF140527708, 2014-05-27, 16:58:49.13240,2.3337,66.9636
TGF140528571, 2014-05-28, 13:41:40.26490,-4.9099,124.6675
TGF140531408, 2014-05-31, 09:47:06.99679,12.3588,123.9769
TGF140601397, 2014-06-01, 09:32:21.81095,17.3723,106.5175
TGF140603392, 2014-06-03, 09:24:58.13921,-5.2684,144.443
TGF140604304, 2014-06-04, 07:17:19.33405,23.7682,91.9177
TGF140605304, 2014-06-05, 07:17:41.42740,10.5968,127.4545
TGF140609059, 2014-06-09, 01:24:19.74137,23.4124,93.9108
TGF140611364, 2014-06-11, 08:44:50.28724,6.5054,275.1749
TGF140611366, 2014-06-11, 08:46:23.10151,8.9287,280.145
TGF140611627, 2014-06-11, 15:02:34.35048,1.1629,167.375
TGF140612356, 2014-06-12, 08:33:15.45130,5.7378,268.6902
TGF140612714, 2014-06-12, 17:08:51.25550,7.6857,288.5751
TGF140613881, 2014-06-13, 21:08:44.28249,12.6257,83.7014
TGF140619332, 2014-06-19, 07:57:42.40062,3.1296,24.6414
TGF140619708, 2014-06-19, 16:59:57.89700,22.4878,132.3087
TGF140622150, 2014-06-22, 03:35:20.42567,11.4987,279.9166
TGF140623351, 2014-06-23, 08:25:03.76490,25.5235,256.725
TGF140623538, 2014-06-23, 12:54:02.52075,8.857,123.3104
TGF140625528, 2014-06-25, 12:40:41.38954,20.628,143.7767
TGF140628105, 2014-06-28, 02:31:44.13394,15.8464,260.5955
TGF140628856, 2014-06-28, 20:31:56.96672,8.0029,111.6113
TGF140629385, 2014-06-29, 09:13:58.90822,8.0566,276.875
TGF140629712, 2014-06-29, 17:05:25.92750,15.1884,139.2595
TGF140701088, 2014-07-01, 02:07:22.37548,24.5275,278.6164
TGF140701765, 2014-07-01, 18:22:09.43755,9.8231,117.4057
TGF140701940, 2014-07-01, 22:33:03.20917,10.5245,277.0381
TGF140702683, 2014-07-02, 16:23:10.05355,24.223,92.2093
TGF140704275, 2014-07-04, 06:35:29.02548,18.7524,250.9462
TGF140704462, 2014-07-04, 11:05:12.27212,24.3381,116.3855
TGF140706055a, 2014-07-06, 01:18:29.24462,25.4833,280.2862
TGF140706055b, 2014-07-06, 01:19:11.83447,25.2671,283.0713
TGF140706266, 2014-07-06, 06:23:06.74197,4.4737,273.9911
TGF140706267, 2014-07-06, 06:24:19.93432,2.4831,277.8521
TGF140710894, 2014-07-10, 21:27:38.40424,10.0769,359.7467
TGF140713122, 2014-07-13, 02:55:21.23895,15.8254,138.073
TGF140713930, 2014-07-13, 22:18:40.20883,23.1531,282.7893
TGF140716244, 2014-07-16, 05:51:20.68010,24.0528,146.3996
TGF140718608, 2014-07-18, 14:35:25.74881,6.7206,258.7515
TGF140721084, 2014-07-21, 02:00:54.37280,4.1176,225.4603
TGF140721663, 2014-07-21, 15:55:02.83090,25.5333,283.3118
TGF140722443, 2014-07-22, 10:37:50.58183,2.8415,280.1852
TGF140723436, 2014-07-23, 10:27:43.98957,4.5637,278.6316
TGF140724038, 2014-07-24, 00:54:44.60921,18.5851,91.9518
TGF140725490, 2014-07-25, 11:45:38.48857,12.3142,260.6373
TGF140725848, 2014-07-25, 20:20:46.72467,1.6748,278.6182
TGF140725887, 2014-07-25, 21:16:51.22015,11.8383,113.607
TGF140728754, 2014-07-28, 18:05:33.35450,11.7732,267.6223
TGF140730385, 2014-07-30, 09:14:41.82252,12.5515,260.9637
TGF140730791, 2014-07-30, 18:58:42.13697,24.9874,160.235
TGF140731382, 2014-07-31, 09:09:33.50400,20.2281,277.0059
TGF140801236, 2014-08-01, 05:40:22.52159,10.3798,294.9615
TGF140801444, 2014-08-01, 10:40:02.97285,24.9722,271.9718
TGF140803355, 2014-08-03, 08:31:37.95290,14.8808,246.8492
TGF140803356, 2014-08-03, 08:31:57.00175,15.3116,247.9328
TGF140803425a, 2014-08-03, 10:11:40.36078,20.6372,239.3854
TGF140803425b, 2014-08-03, 10:12:20.79195,21.3016,241.8548
TGF140803639, 2014-08-03, 15:20:52.20664,14.9873,254.7824
TGF140804347, 2014-08-04, 08:19:40.88407,13.8211,239.3394
TGF140804354, 2014-08-04, 08:29:34.89801,24.1484,275.1205
TGF140805488, 2014-08-05, 11:42:55.09995,20.9678,275.7667
TGF140806132, 2014-08-06, 03:09:25.35190,10.7447,295.4663
TGF140806664, 2014-08-06, 15:56:51.23100,18.1257,119.1954
TGF140807544a, 2014-08-07, 13:02:50.86660,12.1117,266.2292
TGF140809107, 2014-08-09, 02:34:26.06619,8.6423,276.2106
TGF140810243, 2014-08-10, 05:49:30.63544,25.2156,279.1162
TGF140810453a, 2014-08-10, 10:52:33.07137,14.1661,270.9828
TGF140810453b, 2014-08-10, 10:52:33.07356,14.166,270.9829
TGF140812439, 2014-08-12, 10:32:37.98911,10.5372,269.4416
TGF140813009, 2014-08-13, 00:13:29.70130,7.359,278.2007
TGF140813335, 2014-08-13, 08:03:03.73481,-3.48,135.3862
TGF140813409, 2014-08-13, 09:49:17.12115,13.7691,146.2265
TGF140814003, 2014-08-14, 00:04:41.16207,11.0663,281.0975
TGF140814829, 2014-08-14, 19:53:38.57742,-8.5804,151.7064
TGF140815815, 2014-08-15, 19:33:34.93536,5.7728,118.6022
TGF140815853, 2014-08-15, 20:27:57.80517,5.1975,307.7691
TGF140818066, 2014-08-18, 01:35:37.10246,0.1559,22.4047
TGF140821495, 2014-08-21, 11:52:44.75008,22.2719,143.5689
TGF140821897, 2014-08-21, 21:32:08.00811,12.9518,25.3264
TGF140823687, 2014-08-23, 16:29:59.12600,3.5534,108.0943
TGF140824193, 2014-08-24, 04:37:31.75800,16.8073,148.4726
TGF140826314, 2014-08-26, 07:32:40.55125,23.8613,115.8874
TGF140826315, 2014-08-26, 07:33:03.67645,24.106,117.3586
TGF140826460b, 2014-08-26, 11:02:47.52845,15.3296,141.1736
TGF140827452, 2014-08-27, 10:50:42.30475,16.4593,133.3868
TGF140828968, 2014-08-28, 23:14:36.39282,23.5142,269.1011
TGF140828969, 2014-08-28, 23:14:51.96297,23.3259,270.0819
TGF140828977, 2014-08-28, 23:27:16.95967,8.025,313.1772
TGF140829369, 2014-08-29, 08:51:32.56089,18.2514,142.9867
TGF140903045, 2014-09-03, 01:04:34.67832,9.1082,105.9485
TGF140903398, 2014-09-03, 09:33:31.49230,14.3944,104.5137
TGF140903931, 2014-09-03, 22:20:42.89485,6.5536,286.9124
TGF140904326, 2014-09-04, 07:49:21.93405,10.989,131.751
TGF140909155, 2014-09-09, 03:43:51.75378,9.0091,160.2184
TGF140910532, 2014-09-10, 12:45:50.86591,25.7542,302.9415
TGF140911128, 2014-09-11, 03:04:45.07744,25.5987,90.5774
TGF140911469, 2014-09-11, 11:15:52.98273,11.5745,23.3143
TGF140916552, 2014-09-16, 13:14:59.01501,25.5566,255.7016
TGF140916676, 2014-09-16, 16:14:08.83806,20.285,163.6377
TGF140918335, 2014-09-18, 08:03:01.57090,25.4326,304.7963
TGF140918799, 2014-09-18, 19:10:10.69332,25.5221,136.2125
TGF140918861, 2014-09-18, 20:39:49.91921,22.6741,90.3939
TGF140920650, 2014-09-20, 15:35:27.05250,25.0556,168.9189
TGF140921450, 2014-09-21, 10:48:38.94163,22.7645,276.8282
TGF140922239, 2014-09-22, 05:43:30.86732,25.5891,313.6994
TGF140922444, 2014-09-22, 10:39:09.88854,21.1225,278.7875
TGF140923438, 2014-09-23, 10:31:02.52395,17.5666,285.385
TGF140924150, 2014-09-24, 03:35:57.46545,19.3329,291.854
TGF140924358, 2014-09-24, 08:35:48.22031,24.9176,272.8201
TGF140927589, 2014-09-27, 14:07:36.22690,18.1462,103.2952
TGF140928708, 2014-09-28, 17:00:08.09457,8.9431,27.4865
TGF140929041, 2014-09-29, 00:58:26.15206,12.0964,272.7148
TGF140929791, 2014-09-29, 18:58:57.60751,11.272,125.6479
TGF140930318, 2014-09-30, 07:37:42.44943,15.7548,280.3793
TGF141001240, 2014-10-01, 05:45:59.08357,21.5576,281.7047
TGF141002019, 2014-10-02, 00:28:02.27693,17.1495,270.6085
TGF141003294, 2014-10-03, 07:02:45.99015,16.7903,263.0046
TGF141004145, 2014-10-04, 03:29:24.43807,25.5468,263.8343
TGF141004858, 2014-10-04, 20:36:12.90447,6.7081,280.6079
TGF141005001, 2014-10-05, 00:00:59.70161,23.9745,282.0021
TGF141005921, 2014-10-05, 22:05:52.46526,15.3468,270.5989
TGF141006845, 2014-10-06, 20:16:12.75924,11.0289,279.9066
TGF141008188, 2014-10-08, 04:30:02.64902,17.43,261.2684
TGF141010354, 2014-10-10, 08:30:08.07575,19.3405,92.0564
TGF141015073, 2014-10-15, 01:44:46.53096,2.6728,284.3161
TGF141015262, 2014-10-15, 06:17:15.57200,21.1883,166.7418
TGF141016115, 2014-10-16, 02:45:23.84147,25.6727,172.1934
TGF141017092, 2014-10-17, 02:12:03.45285,1.4458,90.3881
TGF141018620, 2014-10-18, 14:52:10.92240,16.196,282.5075
TGF141018831, 2014-10-18, 19:56:24.53615,24.1373,279.6135
TGF141020492, 2014-10-20, 11:48:22.96185,11.9089,71.0436
TGF141021927, 2014-10-21, 22:14:45.35373,17.2214,149.1425
TGF141023870a, 2014-10-23, 20:52:40.17580,0.3471,293.9628
TGF141023974, 2014-10-23, 23:22:11.96352,10.4441,98.9247
TGF141024125, 2014-10-24, 03:00:27.54840,19.6202,153.2056
TGF141028732, 2014-10-28, 17:33:27.65090,1.5034,129.923
TGF141029398, 2014-10-29, 09:33:36.13884,13.7325,271.9963
TGF141104050, 2014-11-04, 01:11:39.66240,-7.3129,158.6926
TGF141105230, 2014-11-05, 05:31:37.09517,14.9852,35.3701
TGF141106594, 2014-11-06, 14:14:49.95862,2.0332,111.9456
TGF141107936, 2014-11-07, 22:27:26.69135,23.9082,87.1031
TGF141108647, 2014-11-08, 15:32:19.22260,10.5846,95.2386
TGF141110988, 2014-11-10, 23:42:55.15560,5.3569,100.2974
TGF141111239, 2014-11-11, 05:43:37.96282,25.6707,290.4996
TGF141111309, 2014-11-11, 07:24:37.31453,23.5389,288.6363
TGF141115460, 2014-11-15, 11:01:46.19810,12.1028,113.5655
TGF141115609, 2014-11-15, 14:36:50.39815,21.5108,156.8993
TGF141115678, 2014-11-15, 16:15:49.68112,17.3858,146.0992
TGF141116313a, 2014-11-16, 07:30:38.68937,-2.2512,128.4669
TGF141116877, 2014-11-16, 21:03:04.71909,-2.7412,111.3912
TGF141117903, 2014-11-17, 21:39:52.30270,4.0021,276.8614
TGF141118298, 2014-11-18, 07:09:03.97400,0.4973,124.1348
TGF141119715, 2014-11-19, 17:09:21.35330,10.7432,118.6883
TGF141119719, 2014-11-19, 17:14:51.18105,2.0247,136.3565
TGF141120050, 2014-11-20, 01:11:59.66747,0.3511,17.9791
TGF141121566, 2014-11-21, 13:35:37.20747,10.748,157.6785
TGF141123688, 2014-11-23, 16:30:04.17435,-0.9339,122.8048
TGF141125302, 2014-11-25, 07:15:35.93810,-10.8268,43.3997
TGF141125669, 2014-11-25, 16:03:11.97659,4.8212,102.0176
TGF141125916, 2014-11-25, 21:58:30.02975,24.3331,271.842
TGF141126028, 2014-11-26, 00:40:00.75770,-15.1667,125.7454
TGF141207779, 2014-12-07, 18:42:12.67365,-16.6163,16.4313
TGF141211421, 2014-12-11, 10:06:07.90091,-23.6701,144.1919
TGF141211608, 2014-12-11, 14:36:13.72575,-3.7793,17.8269
TGF141213789, 2014-12-13, 18:56:12.76670,-0.1941,288.4599
TGF141214586, 2014-12-14, 14:04:33.39854,-9.4613,14.9672
TGF141215011, 2014-12-15, 00:15:40.08995,-3.3048,11.8535
TGF141218223, 2014-12-18, 05:21:40.63985,-9.8372,118.3453
TGF141218514, 2014-12-18, 12:19:59.02575,-6.6537,156.5141
TGF141219480, 2014-12-19, 11:31:48.20360,-11.4197,19.7466
TGF141222745, 2014-12-22, 17:52:16.96458,-8.7777,35.9582
TGF141227240, 2014-12-27, 05:45:28.97279,-10.5747,178.6444
TGF150102255, 2015-01-02, 06:07:48.51995,-13.1552,120.0189
TGF150102689, 2015-01-02, 16:32:20.85965,4.297,160.5939
TGF150106663, 2015-01-06, 15:55:04.89157,-12.1022,174.4864
TGF150109701, 2015-01-09, 16:49:19.27035,-3.9665,119.0513
TGF150115592, 2015-01-15, 14:11:58.43914,-17.7573,146.0454
TGF150118432, 2015-01-18, 10:21:47.75440,-12.4507,166.9578
TGF150124318, 2015-01-24, 07:37:31.58520,-16.1069,171.6994
TGF150124450a, 2015-01-24, 10:47:45.00995,-15.8657,122.4442
TGF150125137, 2015-01-25, 03:17:37.46685,1.0014,15.4817
TGF150125171, 2015-01-25, 04:06:53.42185,-3.6494,188.4356
TGF150125593, 2015-01-25, 14:14:07.66319,-14.4808,173.2687
TGF150125638, 2015-01-25, 15:19:06.27920,-12.6739,36.995
TGF150125658, 2015-01-25, 15:47:00.05790,-17.544,140.9412
TGF150126299, 2015-01-26, 07:10:14.02682,-11.3529,150.8703
TGF150127358, 2015-01-27, 08:35:51.93151,-14.7896,129.8219
TGF150127710, 2015-01-27, 17:02:12.97227,-12.209,120.56
TGF150129900, 2015-01-29, 21:35:30.18710,6.3876,75.3451
TGF150130263, 2015-01-30, 06:18:36.53530,-5.5254,119.896
TGF150130814, 2015-01-30, 19:32:25.10638,-18.0501,43.0781
TGF150131256, 2015-01-31, 06:08:57.26779,-9.2034,122.6499
TGF150202187, 2015-02-02, 04:29:30.98610,-25.6129,209.6437
TGF150202235, 2015-02-02, 05:37:43.65930,2.5071,90.2712
TGF150202313, 2015-02-02, 07:30:28.13535,-22.2158,124.4687
TGF150202436, 2015-02-02, 10:27:22.94200,-4.1309,30.0991
TGF150203445, 2015-02-03, 10:40:50.22905,-24.7678,117.4644
TGF150206200, 2015-02-06, 04:47:33.22745,6.0094,64.6742
TGF150206563, 2015-02-06, 13:30:10.65652,-7.717,107.5018
TGF150210396, 2015-02-10, 09:30:02.14640,-10.3036,131.9965
TGF150212574, 2015-02-12, 13:46:36.12266,-17.2298,33.1172
TGF150213106, 2015-02-13, 02:31:58.85258,-11.9992,211.4825
TGF150213367, 2015-02-13, 08:48:29.04440,-17.8205,99.7125
TGF150213368, 2015-02-13, 08:50:06.65080,-15.7399,105.3238
TGF150213634, 2015-02-13, 15:13:10.15323,-12.564,15.7086
TGF150215288, 2015-02-15, 06:54:15.53907,-10.803,131.8089
TGF150218526, 2015-02-18, 12:37:51.73164,-12.2358,17.3128
TGF150221617, 2015-02-21, 14:48:27.43665,-22.4806,226.6205
TGF150222217, 2015-02-22, 05:12:53.89192,-25.7024,37.5758
TGF150223732, 2015-02-23, 17:33:53.64651,-21.7677,165.6799
TGF150302532, 2015-03-02, 12:45:53.32110,-4.3434,137.7247
TGF150302541, 2015-03-02, 12:58:41.10040,-21.6324,181.0788
TGF150309740, 2015-03-09, 17:45:10.72852,-9.9497,19.0429
TGF150311465, 2015-03-11, 11:09:26.62720,-21.7182,139.1979
TGF150312653, 2015-03-12, 15:39:59.44086,-18.7789,51.2897
TGF150316354, 2015-03-16, 08:30:03.88886,-18.2458,128.1449
TGF150318400, 2015-03-18, 09:36:39.03585,-12.6126,79.9723
TGF150320185, 2015-03-20, 04:26:32.02987,-12.354,142.9585
TGF150322649, 2015-03-22, 15:34:02.89915,-20.4947,58.9949
TGF150323156, 2015-03-23, 03:44:55.20229,-4.5014,112.6011
TGF150326753, 2015-03-26, 18:03:53.43186,-9.527,20.1676
TGF150329037, 2015-03-29, 00:52:38.73931,1.811,96.8547
TGF150329961, 2015-03-29, 23:03:11.30585,5.1496,110.052
TGF150331942, 2015-03-31, 22:37:05.03847,7.754,95.5877
TGF150401010, 2015-04-01, 00:14:08.92925,4.7411,77.281
TGF150401434, 2015-04-01, 10:24:36.08815,-16.9631,72.12
TGF150401473, 2015-04-01, 11:21:37.06073,2.8103,270.8673
TGF150401637, 2015-04-01, 15:16:34.49340,-7.6293,20.5969
TGF150404845, 2015-04-04, 20:16:26.41375,2.0056,112.6866
TGF150405014, 2015-04-05, 00:19:29.32595,6.3217,248.0197
TGF150405907, 2015-04-05, 21:46:26.20672,-9.434,106.2161
TGF150409876, 2015-04-09, 21:01:12.07109,-15.0835,100.5542
TGF150410798, 2015-04-10, 19:09:31.95315,-8.9303,106.3695
TGF150410974, 2015-04-10, 23:22:18.79992,25.0395,278.3343
TGF150411320, 2015-04-11, 07:41:27.89962,6.4676,241.7265
TGF150417093, 2015-04-17, 02:13:23.36580,-24.9779,36.98
TGF150417137, 2015-04-17, 03:17:27.68821,6.1955,263.0634
TGF150418027, 2015-04-18, 00:39:17.59997,-11.0798,104.6935
TGF150418534, 2015-04-18, 12:48:44.40445,-13.6811,152.8237
TGF150418596, 2015-04-18, 14:18:48.42280,-5.8951,111.8107
TGF150423520a, 2015-04-23, 12:28:31.38025,4.2458,277.5213
TGF150423520b, 2015-04-23, 12:28:42.58911,4.5473,278.1137
TGF150423752a, 2015-04-23, 18:02:12.91785,-5.2005,14.3219
TGF150425304, 2015-04-25, 07:18:26.04670,4.5413,341.7575
TGF150426164, 2015-04-26, 03:55:42.46918,4.5466,25.75
TGF150427087, 2015-04-27, 02:05:23.47518,0.056,36.7023
TGF150428144, 2015-04-28, 03:28:01.93651,-0.1845,7.2922
TGF150428411, 2015-04-28, 09:52:10.29303,5.4178,280.9714
TGF150428643, 2015-04-28, 15:26:21.82400,-7.0775,19.2082
TGF150428835, 2015-04-28, 20:02:27.89432,8.1478,276.3143
TGF150502310, 2015-05-02, 07:25:51.48246,2.8776,281.7501
TGF150505816, 2015-05-05, 19:34:40.25310,10.2015,88.209
TGF150506934, 2015-05-06, 22:25:23.59980,-1.4133,11.8478
TGF150509077, 2015-05-09, 01:51:04.31495,12.9594,98.0829
TGF150509609, 2015-05-09, 14:37:25.24477,5.3227,279.7747
TGF150510241, 2015-05-10, 05:47:07.92961,3.6662,246.2572
TGF150511702, 2015-05-11, 16:50:52.58700,18.2501,104.5524
TGF150512690, 2015-05-12, 16:33:29.44460,11.5085,82.9741
TGF150513507, 2015-05-13, 12:10:11.21430,9.0662,278.0746
TGF150514803, 2015-05-14, 19:16:09.52390,7.1594,15.9616
TGF150517403, 2015-05-17, 09:39:56.26127,16.7572,266.0827
TGF150517975, 2015-05-17, 23:24:41.94865,7.719,290.3821
TGF150520349, 2015-05-20, 08:22:56.19383,-5.1011,110.4196
TGF150521902, 2015-05-21, 21:39:17.95497,5.2455,78.9729
TGF150522151, 2015-05-22, 03:37:03.39250,25.4421,258.5525
TGF150523886, 2015-05-23, 21:16:00.86950,2.6196,74.921
TGF150525059, 2015-05-25, 01:25:38.15370,25.6948,273.5141
TGF150527719, 2015-05-27, 17:14:38.71970,4.6213,101.3325
TGF150527891, 2015-05-27, 21:22:26.04382,11.3112,252.1267
TGF150528946, 2015-05-28, 22:42:23.81786,7.0727,214.3712
TGF150529237, 2015-05-29, 05:41:30.42359,7.8767,255.8156
TGF150530203, 2015-05-30, 04:52:42.02025,10.3353,119.3451
TGF150603100, 2015-06-03, 02:24:04.59508,4.6716,113.8122
TGF150605613, 2015-06-05, 14:42:31.22840,7.9375,276.7368
TGF150607949, 2015-06-07, 22:45:59.40939,15.5273,265.6394
TGF150607990, 2015-06-07, 23:45:55.34001,3.6518,113.1996
TGF150608131, 2015-06-08, 03:08:40.25958,20.9571,106.5138
TGF150608414, 2015-06-08, 09:55:40.42550,10.4961,107.2145
TGF150608982, 2015-06-08, 23:33:28.56850,3.7071,108.7172
TGF150610398, 2015-06-10, 09:32:44.16115,7.3006,104.6926
TGF150610469, 2015-06-10, 11:16:03.41622,-5.922,106.2089
TGF150611890, 2015-06-11, 21:21:20.58902,4.5246,120.8446
TGF150613479, 2015-06-13, 11:30:01.10335,11.827,272.6607
TGF150614399, 2015-06-14, 09:35:06.03125,0.3397,269.0784
TGF150614403, 2015-06-14, 09:39:58.85001,8.2194,284.6328
TGF150616847, 2015-06-16, 20:20:04.00524,6.5674,101.9265
TGF150621275, 2015-06-21, 06:35:32.61435,5.7054,271.658
TGF150621669, 2015-06-21, 16:03:49.13186,1.3147,117.2286
TGF150623722, 2015-06-23, 17:20:02.42420,11.0319,103.398
TGF150623959, 2015-06-23, 23:00:30.94732,-20.6183,224.1072
TGF150626587, 2015-06-26, 14:05:42.881232,11.1482,261.3984
TGF150629354, 2015-06-29, 08:30:28.531100,24.3679,277.317
TGF150630131, 2015-06-30, 03:09:16.757026,8.6089,260.491
TGF150630202, 2015-06-30, 04:51:01.593220,17.8673,258.2747
TGF150705380, 2015-07-05, 09:07:41.727600,2.8798,285.652
TGF150705946b, 2015-07-05, 22:42:28.911106,6.7688,277.8153
TGF150708613, 2015-07-08, 14:42:40.914150,15.1035,148.7395
TGF150709077, 2015-07-09, 01:51:23.121506,11.4365,347.1832
TGF150710306, 2015-07-10, 07:20:48.875900,2.7656,105.8264
TGF150710980, 2015-07-10, 23:30:58.507862,25.0245,287.5789
TGF150711630, 2015-07-11, 15:07:47.229688,8.7377,351.6108
TGF150715354, 2015-07-15, 08:29:52.132000,14.2846,191.822
TGF150716717, 2015-07-16, 17:12:16.344826,3.8707,270.4968
TGF150718528, 2015-07-18, 12:40:09.496950,10.628,113.5797
TGF150719251, 2015-07-19, 06:01:49.749200,17.7492,188.9063
TGF150720047, 2015-07-20, 01:07:40.439800,12.4402,270.5919
TGF150720809, 2015-07-20, 19:24:46.523200,-8.3504,179.8776
TGF150722429, 2015-07-22, 10:17:58.618900,5.4952,130.2022
TGF150722497, 2015-07-22, 11:55:04.606722,2.3281,112.0654
TGF150723361, 2015-07-23, 08:39:51.348950,-10.0948,180.6146
TGF150723993, 2015-07-23, 23:49:36.777860,17.9522,148.7916
TGF150724260, 2015-07-24, 06:14:46.180950,22.6187,67.9273
TGF150724651, 2015-07-24, 15:37:06.828900,12.413,251.7798
TGF150726497, 2015-07-26, 11:54:59.758226,2.018,270.0339
TGF150730535, 2015-07-30, 12:50:19.587100,17.7149,262.1671
TGF150731525, 2015-07-31, 12:36:17.780752,15.8867,252.6619
TGF150801523, 2015-08-01, 12:33:21.732264,24.8341,283.5327
TGF150801572, 2015-08-01, 13:43:20.742646,-8.3566,173.7218
TGF150801659, 2015-08-01, 15:48:36.755300,25.6138,254.2327
TGF150801841, 2015-08-01, 20:10:23.454950,2.0235,96.8638
TGF150802305, 2015-08-02, 07:19:16.002960,6.4935,295.506
TGF150808326, 2015-08-08, 07:48:50.661950,20.272,277.8261
TGF150811818a, 2015-08-11, 19:37:23.175624,-1.4394,20.1075
TGF150812047, 2015-08-12, 01:08:19.904266,4.736,108.6393
TGF150812363, 2015-08-12, 08:43:12.046026,25.6185,272.175
TGF150817042, 2015-08-17, 01:01:08.208000,8.6154,279.8171
TGF150819380, 2015-08-19, 09:07:12.315274,10.5478,278.8273
TGF150820373, 2015-08-20, 08:56:46.346524,7.1497,281.3762
TGF150824912, 2015-08-24, 21:53:30.758900,20.1887,296.8209
TGF150825372, 2015-08-25, 08:55:41.506774,15.4559,112.9203
TGF150828169, 2015-08-28, 04:03:43.877538,9.8629,287.911
TGF150828558, 2015-08-28, 13:23:54.214250,22.9752,104.3834
TGF150828560, 2015-08-28, 13:26:04.357650,21.053,112.4318
TGF150829226, 2015-08-29, 05:25:19.615452,11.2728,256.0223
TGF150829885, 2015-08-29, 21:14:51.718300,14.2337,6.1918
TGF150830927, 2015-08-30, 22:15:31.008494,22.7665,255.1351
TGF150901523a, 2015-09-01, 12:32:40.415356,23.4961,83.7531
TGF150901523b, 2015-09-01, 12:32:50.350200,23.3766,84.3794
TGF150903443, 2015-09-03, 10:38:36.290900,17.0558,122.1545
TGF150903581, 2015-09-03, 13:56:41.305370,5.6305,99.2279
TGF150904891, 2015-09-04, 21:23:43.910236,24.6926,276.9362
TGF150905809, 2015-09-05, 19:24:50.507000,23.0846,253.5626
TGF150906805, 2015-09-06, 19:19:52.972700,25.7437,278.9226
TGF150909111, 2015-09-09, 02:39:33.694750,20.1812,106.8752
TGF150911308, 2015-09-11, 07:23:46.820226,15.0069,115.5605
TGF150912616, 2015-09-12, 14:47:41.313122,24.2396,276.8723
TGF150913615, 2015-09-13, 14:44:58.036050,24.3819,311.2534
TGF150914349, 2015-09-14, 08:22:28.997286,12.8545,82.7736
TGF150914602, 2015-09-14, 14:27:16.620434,25.7707,286.9572
TGF150916372, 2015-09-16, 08:55:07.767564,3.5487,274.4816
TGF150916776, 2015-09-16, 18:37:16.544876,19.6467,166.143
TGF150917296, 2015-09-17, 07:06:55.741694,2.9208,293.0343
TGF150918289, 2015-09-18, 06:56:52.278896,7.1329,296.8004
TGF150919028a, 2015-09-19, 00:40:03.892392,25.2361,88.1017
TGF150919028b, 2015-09-19, 00:40:08.898382,25.2645,88.4286
TGF150919417, 2015-09-19, 10:00:22.424438,15.7866,263.0306
TGF150920025, 2015-09-20, 00:36:41.472736,23.3111,119.8934
TGF150921263, 2015-09-21, 06:18:28.785800,6.527,281.977
TGF150923187, 2015-09-23, 04:29:57.785334,22.1846,338.3241
TGF150924451, 2015-09-24, 10:49:14.128560,24.9296,280.5659
TGF150924454, 2015-09-24, 10:53:38.217174,22.0185,297.3521
TGF150924657, 2015-09-24, 15:45:59.023450,13.9462,248.835
TGF150924659, 2015-09-24, 15:48:40.744876,9.9745,257.7882
TGF150924841, 2015-09-24, 20:10:26.460152,23.4428,96.8003
TGF150925975, 2015-09-25, 23:24:04.310700,20.1805,105.2545
TGF150928213, 2015-09-28, 05:06:01.038474,24.9393,307.8157
TGF151005935, 2015-10-05, 22:26:06.910306,11.9463,298.118
TGF151006149, 2015-10-06, 03:35:08.896900,22.5059,313.219
TGF151008198, 2015-10-08, 04:45:43.808500,21.7628,283.021
TGF151009330, 2015-10-09, 07:55:27.382108,5.6418,271.217
TGF151009901, 2015-10-09, 21:37:41.398746,15.3539,287.9984
TGF151010293, 2015-10-10, 07:02:25.909618,6.1289,121.7753
TGF151010496, 2015-10-10, 11:53:45.637034,14.94,68.2132
TGF151013729, 2015-10-13, 17:29:53.826364,5.3778,296.4878
TGF151013798a, 2015-10-13, 19:08:28.791650,10.7547,283.2958
TGF151016666, 2015-10-16, 15:58:27.738134,3.7833,97.2681
TGF151020736, 2015-10-20, 17:40:10.335500,11.8888,253.9602
TGF151023344, 2015-10-23, 08:15:18.060628,-6.9014,183.529
TGF151023769, 2015-10-23, 18:26:39.406360,-4.8287,182.7788
TGF151025562, 2015-10-25, 13:29:17.634774,16.2919,290.5269
TGF151025756, 2015-10-25, 18:08:08.462056,6.5552,195.8218
TGF151026445, 2015-10-26, 10:41:14.732600,3.1654,101.8514
TGF151027208, 2015-10-27, 04:59:01.076826,2.6429,13.5404
TGF151027633, 2015-10-27, 15:11:03.093850,7.856,15.1502
TGF151027665, 2015-10-27, 15:57:54.304452,-8.954,180.7449
TGF151027900, 2015-10-27, 21:35:22.319610,1.8248,289.8165
TGF151028237, 2015-10-28, 05:41:36.268180,-14.6587,202.1932
TGF151030664, 2015-10-30, 15:55:43.438348,23.1516,294.8234
TGF151031586, 2015-10-31, 14:03:48.472626,25.3535,299.2153
TGF151101765, 2015-11-01, 18:21:47.419408,17.8377,165.9704
TGF151102493b, 2015-11-02, 11:50:33.962300,20.2867,266.2738
TGF151102758, 2015-11-02, 18:10:50.523224,19.9419,167.9181
TGF151105518, 2015-11-05, 12:26:19.767144,-11.4146,159.2412
TGF151107436, 2015-11-07, 10:27:14.045074,-8.9864,179.7083
TGF151107476, 2015-11-07, 11:24:44.283574,-7.1021,19.1033
TGF151107708, 2015-11-07, 16:59:16.082000,9.5157,119.0331
TGF151108489, 2015-11-08, 11:43:44.360050,-17.3544,131.1637
TGF151109628, 2015-11-09, 15:04:39.382800,18.0325,154.8897
TGF151109629, 2015-11-09, 15:05:22.598156,18.8886,157.44
TGF151110680, 2015-11-10, 16:18:48.032500,6.1223,98.5863
TGF151111107, 2015-11-11, 02:33:25.031336,0.0963,108.5603
TGF151112795, 2015-11-12, 19:04:37.387900,7.8589,44.4725
TGF151115569, 2015-11-15, 13:39:49.774006,6.2943,100.6803
TGF151117091, 2015-11-17, 02:10:21.338010,9.6815,268.7269
TGF151117305, 2015-11-17, 07:19:11.969250,23.7511,282.7877
TGF151118477, 2015-11-18, 11:27:13.991612,7.8197,114.5258
TGF151120527, 2015-11-20, 12:39:29.877550,12.012,90.1731
TGF151120687, 2015-11-20, 16:29:01.611650,1.056,183.0323
TGF151121812, 2015-11-21, 19:28:51.399770,-2.8114,137.3775
TGF151123359, 2015-11-23, 08:36:31.565774,-10.4991,79.7888
TGF151201055, 2015-12-01, 01:19:16.256618,12.7795,303.5338
TGF151204026, 2015-12-04, 00:37:35.322500,17.0314,279.345
TGF151205018, 2015-12-05, 00:26:09.175276,15.1811,279.7141
TGF151207404, 2015-12-07, 09:41:39.782056,-0.8562,158.4222
TGF151207472, 2015-12-07, 11:20:11.606120,-6.3505,144.8619
TGF151210379, 2015-12-10, 09:05:59.451586,-5.5885,154.1142
TGF151213409, 2015-12-13, 09:49:40.640386,14.6621,75.0184
TGF151213575, 2015-12-13, 13:48:35.751366,-13.2913,197.5189
TGF151214443a, 2015-12-14, 10:37:16.220658,5.5494,279.5768
TGF151214443b, 2015-12-14, 10:37:16.221688,5.5495,279.5769
TGF151215884, 2015-12-15, 21:13:38.212604,-19.6602,49.8925
TGF151216028, 2015-12-16, 00:40:19.660874,4.9373,55.1763
TGF151216029b, 2015-12-16, 00:42:04.927746,7.7524,60.8023
TGF151217656, 2015-12-17, 15:44:29.677926,-22.4667,45.0945
TGF151217677, 2015-12-17, 16:15:19.395100,-0.9253,156.3857
TGF151218340, 2015-12-18, 08:09:14.796532,3.1919,281.3086
TGF151221568, 2015-12-21, 13:37:58.530512,-17.1502,127.7375
TGF151224455, 2015-12-24, 10:55:13.785800,-11.8114,31.3332
TGF151224612, 2015-12-24, 14:40:42.722900,-8.1709,110.8319
TGF151226583, 2015-12-26, 13:59:11.243676,-25.2333,45.9645
TGF160105239, 2016-01-05, 05:44:18.459874,-9.7843,150.8736
TGF160109112, 2016-01-09, 02:41:53.968140,-9.3928,27.4186
TGF160111700, 2016-01-11, 16:47:24.442042,-25.1673,213.8127
TGF160113734, 2016-01-13, 17:36:29.420184,-1.3074,110.3351
TGF160115450, 2016-01-15, 10:48:09.526598,1.7988,192.5351
TGF160119482, 2016-01-19, 11:34:02.860768,-2.3265,158.202
TGF160120476a, 2016-01-20, 11:25:30.812424,-9.3572,167.8118
TGF160120893, 2016-01-20, 21:25:39.438968,-18.5315,130.0723
TGF160123867, 2016-01-23, 20:48:51.076844,-15.9828,123.7502
TGF160125261, 2016-01-25, 06:16:12.075724,-1.5951,4.3615
TGF160125559a, 2016-01-25, 13:24:42.844450,0.8526,76.4653
TGF160126356, 2016-01-26, 08:33:00.338000,-9.8435,166.1294
TGF160127554, 2016-01-27, 13:18:24.345650,-24.3546,134.7113
TGF160128549, 2016-01-28, 13:10:39.274350,-25.6503,150.5517
TGF160203640, 2016-02-03, 15:21:11.244600,-8.5728,140.1409
TGF160209849, 2016-02-09, 20:22:25.741224,-10.9886,11.0922
TGF160213061, 2016-02-13, 01:27:22.562730,-6.6339,127.5454
TGF160216515a, 2016-02-16, 12:22:08.735874,-22.0846,46.0145
TGF160216515b, 2016-02-16, 12:22:19.059052,-21.9296,46.6508
TGF160216584, 2016-02-16, 14:00:18.547200,-18.9676,32.7025
TGF160217508, 2016-02-17, 12:11:29.539624,-19.7468,50.085
TGF160217577, 2016-02-17, 13:51:14.819200,-13.8878,41.8066
TGF160218638, 2016-02-18, 15:18:05.049552,-6.7647,28.4237
TGF160222468, 2016-02-22, 11:13:19.439708,-10.6286,51.1846
TGF160223524, 2016-02-23, 12:34:15.609266,-12.3883,18.5326
TGF160224253, 2016-02-24, 06:04:44.343450,-6.2043,124.3048
TGF160225085, 2016-02-25, 02:02:11.853154,-7.4196,27.1713
TGF160227156, 2016-02-27, 03:44:14.643840,-15.5801,114.4927
TGF160301638, 2016-03-01, 15:19:09.433874,-15.9281,165.4292
TGF160306687, 2016-03-06, 16:29:47.847318,5.6293,263.832
TGF160308575, 2016-03-08, 13:48:10.706662,-16.1332,134.7432
TGF160310021, 2016-03-10, 00:29:41.748150,1.2854,283.2988
TGF160311012, 2016-03-11, 00:16:48.525174,1.0223,279.3301
TGF160311411a, 2016-03-11, 09:51:19.187210,-5.0434,145.3274
TGF160315405, 2016-03-15, 09:43:30.537326,-0.1714,285.1257
TGF160315438, 2016-03-15, 10:30:22.945850,1.2162,90.974
TGF160317780, 2016-03-17, 18:42:29.683250,-9.3449,112.147
TGF160317781a, 2016-03-17, 18:44:29.517456,-6.2069,118.5927
TGF160318510, 2016-03-18, 12:14:11.917774,-0.8768,221.7442
TGF160318773, 2016-03-18, 18:33:33.371360,-2.7853,120.8641
TGF160319339, 2016-03-19, 08:08:10.663776,-7.1504,113.7586
TGF160319888, 2016-03-19, 21:18:45.289330,-19.9087,27.7309
TGF160320330, 2016-03-20, 07:55:50.783900,-8.2996,111.6418
TGF160321803, 2016-03-21, 19:16:46.460000,-20.6801,40.4891
TGF160324294, 2016-03-24, 07:03:40.308700,-8.4159,94.0169
TGF160326144, 2016-03-26, 03:27:18.398700,-8.435,133.7311
TGF160327493, 2016-03-27, 11:49:24.515978,-4.7526,149.8405
TGF160330656, 2016-03-30, 15:44:20.263614,-20.445,25.8565
TGF160402302, 2016-04-02, 07:15:21.536180,-13.0684,154.3928
TGF160402303, 2016-04-02, 07:15:42.606850,-12.5588,155.561
TGF160405443, 2016-04-05, 10:38:27.048950,6.2879,274.7707
TGF160407892, 2016-04-07, 21:24:54.376574,-4.6643,117.0386
TGF160408049, 2016-04-08, 01:10:21.236450,-14.8113,196.5683
TGF160408350, 2016-04-08, 08:23:26.106100,7.36,283.6333
TGF160408876b, 2016-04-08, 21:02:02.707114,11.1018,81.4419
TGF160409147, 2016-04-09, 03:31:03.496500,-2.5633,11.3516
TGF160409575, 2016-04-09, 13:48:28.287350,1.0998,30.6301
TGF160410332, 2016-04-10, 07:58:36.084400,5.24,279.0044
TGF160416676, 2016-04-16, 16:12:59.014884,1.7572,113.4144
TGF160420033, 2016-04-20, 00:47:58.532090,23.4512,257.9213
TGF160425461, 2016-04-25, 11:03:12.712172,4.4519,116.7593
TGF160425730, 2016-04-25, 17:30:53.285350,-7.2243,42.3638
TGF160426457, 2016-04-26, 10:57:52.233650,-8.1496,136.9992
TGF160426623, 2016-04-26, 14:56:52.442300,9.8465,259.7915
TGF160427302, 2016-04-27, 07:15:07.643350,20.6331,117.0786
TGF160427973, 2016-04-27, 23:21:18.345900,-0.9208,283.8754
TGF160428372b, 2016-04-28, 08:55:31.313024,-6.5323,149.0953
TGF160428709, 2016-04-28, 17:01:14.255800,-20.3405,61.816
TGF160429530, 2016-04-29, 12:43:07.278300,10.9173,273.059
TGF160501471, 2016-05-01, 11:18:42.201238,6.0982,62.4257
TGF160501904, 2016-05-01, 21:41:48.590650,1.7021,99.6959
TGF160503818, 2016-05-03, 19:38:18.706350,-1.7741,108.3627
TGF160503899, 2016-05-03, 21:34:05.931516,24.552,154.8312
TGF160504475, 2016-05-04, 11:23:58.524026,-10.622,207.4898
TGF160504675, 2016-05-04, 16:11:52.222814,-6.7242,142.7501
TGF160505569, 2016-05-05, 13:39:30.477900,1.2154,5.5536
TGF160505869, 2016-05-05, 20:50:55.879522,4.3299,86.9832
TGF160506470, 2016-05-06, 11:16:21.405762,17.883,259.1328
TGF160506722, 2016-05-06, 17:20:04.513732,-7.7963,107.3577
TGF160506995, 2016-05-06, 23:52:46.326088,11.6774,49.167
TGF160507010, 2016-05-07, 00:14:12.842016,24.1501,128.9518
TGF160507324, 2016-05-07, 07:46:15.519250,8.4349,280.7136
TGF160508573, 2016-05-08, 13:45:01.307250,-5.5106,151.6583
TGF160510196, 2016-05-10, 04:42:34.041000,-5.7915,118.4058
TGF160516177, 2016-05-16, 04:14:44.556100,11.103,270.5925
TGF160518681, 2016-05-18, 16:21:09.460150,-2.3083,40.6155
TGF160519504, 2016-05-19, 12:05:27.106826,9.7707,262.0055
TGF160520429, 2016-05-20, 10:17:12.425776,9.7574,281.9105
TGF160522201, 2016-05-22, 04:49:12.814344,25.6516,286.5457
TGF160523402, 2016-05-23, 09:38:21.716100,8.9265,270.4094
TGF160524228, 2016-05-24, 05:28:47.812758,-6.9127,150.8233
TGF160525035, 2016-05-25, 00:49:42.046950,21.5089,283.5617
TGF160526944, 2016-05-26, 22:39:55.003576,10.854,269.8639
TGF160527552, 2016-05-27, 13:15:17.667456,25.4835,122.4186
TGF160530910, 2016-05-30, 21:50:51.547290,15.8392,263.8909
TGF160531660, 2016-05-31, 15:50:45.500496,6.1232,119.3317
TGF160601646, 2016-06-01, 15:29:59.120950,17.3299,89.4856
TGF160607243, 2016-06-07, 05:49:25.654662,15.6028,86.7037
TGF160607461a, 2016-06-07, 11:03:58.146174,13.153,122.0528
TGF160609938, 2016-06-09, 22:30:12.459900,-14.3776,108.067
TGF160610149, 2016-06-10, 03:34:00.237350,14.4185,94.8391
TGF160612686, 2016-06-12, 16:27:08.647112,-0.1667,29.9111
TGF160612915, 2016-06-12, 21:57:31.220124,-4.0198,116.7935
TGF160614970, 2016-06-14, 23:17:13.889326,13.2844,118.6534
TGF160615394, 2016-06-15, 09:27:45.096750,-1.114,115.6322
TGF160616490, 2016-06-16, 11:45:43.129048,14.2029,282.057
TGF160616842, 2016-06-16, 20:12:23.292926,11.6834,275.3717
TGF160617239, 2016-06-17, 05:44:16.137800,9.9638,133.3485
TGF160617377, 2016-06-17, 09:03:17.306724,-4.1542,112.6632
TGF160618299, 2016-06-18, 07:10:42.562676,2.8475,118.9752
TGF160620458, 2016-06-20, 10:59:10.825166,21.415,285.7749
TGF160620599, 2016-06-20, 14:21:57.926124,24.684,285.8431
TGF160621467, 2016-06-21, 11:12:42.810724,9.0063,20.3928
TGF160623691, 2016-06-23, 16:34:41.461900,14.963,155.7067
TGF160624354, 2016-06-24, 08:30:16.121350,20.2496,288.0592
TGF160625164, 2016-06-25, 03:56:29.722300,13.584,89.6153
TGF160625273, 2016-06-25, 06:33:45.814332,9.3337,279.7528
TGF160627915, 2016-06-27, 21:57:07.683814,6.9682,22.9957
TGF160703489, 2016-07-03, 11:43:54.305624,10.7059,274.8326
TGF160704382, 2016-07-04, 09:10:25.623074,-6.9806,134.6511
TGF160704411, 2016-07-04, 09:52:27.540524,15.2444,284.1161
TGF160705015, 2016-07-05, 00:22:11.122246,-6.1403,109.4826
TGF160706377, 2016-07-06, 09:03:15.830380,21.1122,189.0831
TGF160706724, 2016-07-06, 17:23:12.149990,13.2144,158.7281
TGF160706863, 2016-07-06, 20:42:27.702690,-1.0115,139.1731
TGF160707386a, 2016-07-07, 09:15:57.533726,10.959,280.8747
TGF160707386b, 2016-07-07, 09:16:10.074384,10.644,281.5607
TGF160708236, 2016-07-08, 05:40:06.267860,24.5041,280.6427
TGF160708375, 2016-07-08, 09:00:35.591838,14.1533,269.1452
TGF160709015, 2016-07-09, 00:21:27.645024,12.914,273.9947
TGF160710860, 2016-07-10, 20:38:32.404024,3.0278,293.2188
TGF160711352, 2016-07-11, 08:26:46.198674,5.5148,274.4714
TGF160711992b, 2016-07-11, 23:48:02.180400,20.5773,281.8844
TGF160713125, 2016-07-13, 02:59:20.799850,24.4262,283.7564
TGF160714116, 2016-07-14, 02:46:20.746350,24.338,280.0103
TGF160714185, 2016-07-14, 04:26:52.159850,19.7669,275.8231
TGF160715956, 2016-07-15, 22:56:25.433100,21.6465,268.0909
TGF160715957, 2016-07-15, 22:58:44.727600,23.5617,276.7997
TGF160718015, 2016-07-18, 00:21:41.731806,22.0271,298.6234
TGF160720774, 2016-07-20, 18:35:15.048116,15.768,276.4182
TGF160721128a, 2016-07-21, 03:04:26.693606,6.0621,277.9367
TGF160722445, 2016-07-22, 10:40:07.449472,16.1274,129.7496
TGF160723679, 2016-07-23, 16:18:04.672300,12.1607,278.8857
TGF160723749, 2016-07-23, 17:58:25.964640,19.1147,272.5864
TGF160724952, 2016-07-24, 22:50:57.735800,20.631,273.1331
TGF160725415, 2016-07-25, 09:57:57.721750,19.3918,107.2119
TGF160726278, 2016-07-26, 06:40:20.882626,11.6736,171.34
TGF160726790, 2016-07-26, 18:58:17.181700,23.1967,250.6897
TGF160726936, 2016-07-26, 22:27:36.191874,17.1789,274.9475
TGF160730481, 2016-07-30, 11:33:03.731048,8.2888,288.3886
TGF160731436, 2016-07-31, 10:28:12.789350,-1.7498,103.2347
TGF160731828, 2016-07-31, 19:52:40.531450,8.4517,297.4903
TGF000000001,2015-12-03,20:20:29.000000,36.17,138.04
TGF000000002,2015-12-03,16:20:28.000000,36.17,138.04
